,,globalP,globalP,globalP,packetP,packetP,packetP,sessionP,sessionP,sessionP,transactionP,transactionP,transactionP
,subscriber_count_Connected,phoenix_memory_cm_max_used_chunks_per_pool_count_cm_globalP_amf,total_allocated_memory_globalP_amf,chunk_create_count_minus_destroy_count_cm_globalP_amf,phoenix_memory_cm_max_used_chunks_per_pool_count_cm_packetP_amf,total_allocated_memory_packetP_amf,chunk_create_count_minus_destroy_count_cm_packetP_amf,phoenix_memory_cm_max_used_chunks_per_pool_count_cm_sessionP_amf,total_allocated_memory_sessionP_amf,chunk_create_count_minus_destroy_count_cm_sessionP_amf,phoenix_memory_cm_max_used_chunks_per_pool_count_cm_transactionP_amf,total_allocated_memory_transactionP_amf,chunk_create_count_minus_destroy_count_cm_transactionP_amf
timestamp,,,,,,,,,,,,,
2024-07-24 09:28:28,0,6,64.0,36,18,256.0,8,2,256.0,18,4,64.0,8
2024-07-24 09:28:29,0,6,64.0,36,18,256.0,8,2,256.0,18,4,64.0,8
2024-07-24 09:28:30,1,6,64.0,36,18,256.0,15,2,256.0,19,5,64.0,9
2024-07-24 09:28:31,2,6,64.0,36,20,256.0,22,2,256.0,20,5,64.0,10
2024-07-24 09:28:32,3,6,64.0,36,23,256.0,29,2,256.0,21,5,64.0,11
2024-07-24 09:28:33,4,6,64.0,36,26,256.0,36,2,256.0,22,5,64.0,12
2024-07-24 09:28:34,5,6,64.0,36,29,256.0,43,2,256.0,23,5,64.0,13
2024-07-24 09:28:35,6,6,64.0,36,32,256.0,50,2,256.0,24,5,64.0,14
2024-07-24 09:28:36,7,6,64.0,36,35,256.0,57,2,256.0,25,5,64.0,15
2024-07-24 09:28:37,8,6,64.0,36,38,256.0,64,2,256.0,26,5,64.0,16
2024-07-24 09:28:38,9,6,64.0,36,41,256.0,71,2,256.0,27,5,64.0,17
2024-07-24 09:28:39,10,6,64.0,36,44,256.0,78,2,256.0,28,5,64.0,18
2024-07-24 09:28:40,11,6,64.0,36,47,256.0,85,2,256.0,29,5,64.0,19
2024-07-24 09:28:41,12,6,64.0,36,50,256.0,92,2,256.0,30,5,64.0,20
2024-07-24 09:28:42,13,6,64.0,36,53,256.0,99,2,256.0,31,5,64.0,21
2024-07-24 09:28:43,14,6,64.0,36,56,256.0,106,2,256.0,32,5,64.0,22
2024-07-24 09:28:44,15,6,64.0,36,59,256.0,113,2,256.0,33,5,64.0,23
2024-07-24 09:28:45,16,6,64.0,36,62,256.0,120,2,256.0,34,5,64.0,24
2024-07-24 09:28:46,17,6,64.0,36,65,256.0,127,2,256.0,35,5,64.0,25
2024-07-24 09:28:47,18,6,64.0,36,68,256.0,134,2,256.0,36,5,64.0,26
2024-07-24 09:28:48,19,6,64.0,36,71,256.0,141,2,256.0,37,5,64.0,27
2024-07-24 09:28:49,20,6,64.0,36,74,256.0,148,2,256.0,38,5,64.0,28
2024-07-24 09:28:50,21,6,64.0,36,77,256.0,155,2,256.0,39,5,64.0,29
2024-07-24 09:28:51,22,6,64.0,36,80,256.0,162,2,256.0,40,5,64.0,30
2024-07-24 09:28:52,23,6,64.0,36,83,256.0,169,2,256.0,41,5,64.0,31
2024-07-24 09:28:53,24,6,64.0,36,86,256.0,176,2,256.0,42,5,64.0,32
2024-07-24 09:28:54,25,6,64.0,36,89,256.0,183,2,256.0,43,5,64.0,33
2024-07-24 09:28:55,26,6,64.0,36,92,256.0,190,2,256.0,44,5,64.0,34
2024-07-24 09:28:56,27,6,64.0,36,95,256.0,197,2,256.0,45,5,64.0,35
2024-07-24 09:28:57,28,6,64.0,36,98,256.0,204,2,256.0,46,5,64.0,36
2024-07-24 09:28:58,29,6,64.0,36,101,256.0,211,2,256.0,47,5,64.0,37
2024-07-24 09:28:59,30,6,64.0,36,104,256.0,218,2,256.0,48,5,64.0,38
2024-07-24 09:29:00,31,6,64.0,36,107,256.0,225,2,256.0,49,5,64.0,39
2024-07-24 09:29:01,32,6,64.0,36,110,256.0,232,2,256.0,50,5,64.0,40
2024-07-24 09:29:02,33,6,64.0,36,113,256.0,239,2,256.0,51,5,64.0,41
2024-07-24 09:29:03,34,6,64.0,36,116,256.0,246,2,256.0,52,5,64.0,42
2024-07-24 09:29:04,35,6,64.0,36,119,256.0,253,2,256.0,53,5,64.0,43
2024-07-24 09:29:05,36,6,64.0,36,122,256.0,260,2,256.0,54,5,64.0,44
2024-07-24 09:29:06,37,6,64.0,36,125,256.0,267,2,256.0,55,5,64.0,45
2024-07-24 09:29:07,38,6,64.0,36,128,256.0,274,2,256.0,56,5,64.0,46
2024-07-24 09:29:08,39,6,64.0,36,131,256.0,281,2,256.0,57,5,64.0,47
2024-07-24 09:29:09,40,6,64.0,36,134,256.0,288,2,256.0,58,5,64.0,48
2024-07-24 09:29:10,41,6,64.0,36,137,256.0,295,2,256.0,59,5,64.0,49
2024-07-24 09:29:11,42,6,64.0,36,140,256.0,302,2,256.0,60,5,64.0,50
2024-07-24 09:29:12,43,6,64.0,36,143,256.0,309,2,256.0,61,5,64.0,51
2024-07-24 09:29:13,44,6,64.0,36,146,256.0,316,2,256.0,62,5,64.0,52
2024-07-24 09:29:14,45,6,64.0,36,149,256.0,323,2,256.0,63,5,64.0,53
2024-07-24 09:29:15,46,6,64.0,36,152,256.0,330,2,256.0,64,5,64.0,54
2024-07-24 09:29:16,47,6,64.0,36,155,256.0,337,2,256.0,65,5,64.0,55
2024-07-24 09:29:17,48,6,64.0,36,158,256.0,344,2,256.0,66,5,64.0,56
2024-07-24 09:29:18,49,6,64.0,36,161,256.0,351,2,256.0,67,5,64.0,57
2024-07-24 09:29:19,50,6,64.0,36,164,256.0,358,2,256.0,68,5,64.0,58
2024-07-24 09:29:20,51,6,64.0,36,167,256.0,365,2,256.0,69,5,64.0,59
2024-07-24 09:29:21,52,6,64.0,36,170,256.0,372,2,256.0,70,5,64.0,60
2024-07-24 09:29:22,53,6,64.0,36,173,256.0,379,2,256.0,71,5,64.0,61
2024-07-24 09:29:23,54,6,64.0,36,175,256.0,386,2,256.0,72,5,64.0,62
2024-07-24 09:29:24,55,6,64.0,36,178,256.0,393,2,256.0,73,5,64.0,63
2024-07-24 09:29:25,56,6,64.0,36,181,256.0,400,2,256.0,74,5,64.0,64
2024-07-24 09:29:26,57,6,64.0,36,184,256.0,407,2,256.0,75,5,64.0,65
2024-07-24 09:29:27,58,6,64.0,36,187,256.0,414,2,256.0,76,5,64.0,66
2024-07-24 09:29:28,59,6,64.0,36,190,256.0,421,2,256.0,77,5,64.0,67
2024-07-24 09:29:29,60,6,64.0,36,193,256.0,428,2,256.0,78,5,64.0,68
2024-07-24 09:29:30,61,6,64.0,36,196,256.0,435,2,256.0,79,5,64.0,69
2024-07-24 09:29:31,62,6,64.0,36,199,256.0,442,2,256.0,80,5,64.0,70
2024-07-24 09:29:32,63,6,64.0,36,202,256.0,449,2,256.0,81,5,64.0,71
2024-07-24 09:29:33,64,6,64.0,36,205,256.0,456,2,256.0,82,5,64.0,72
2024-07-24 09:29:34,65,6,64.0,36,208,256.0,463,2,256.0,83,5,64.0,73
2024-07-24 09:29:35,66,6,64.0,36,211,256.0,470,2,256.0,84,5,64.0,74
2024-07-24 09:29:36,67,6,64.0,36,214,256.0,477,2,256.0,85,5,64.0,75
2024-07-24 09:29:37,68,6,64.0,36,217,256.0,484,2,256.0,86,5,64.0,76
2024-07-24 09:29:38,69,6,64.0,36,220,256.0,491,2,256.0,87,5,64.0,77
2024-07-24 09:29:39,70,6,64.0,36,223,256.0,498,2,256.0,88,5,64.0,78
2024-07-24 09:29:40,71,6,64.0,36,226,256.0,505,2,256.0,89,5,64.0,79
2024-07-24 09:29:41,72,6,64.0,36,229,256.0,512,2,256.0,90,5,64.0,80
2024-07-24 09:29:42,73,6,64.0,36,232,256.0,519,2,256.0,91,5,64.0,81
2024-07-24 09:29:43,74,6,64.0,36,235,256.0,526,2,256.0,92,5,64.0,82
2024-07-24 09:29:44,75,6,64.0,36,238,256.0,533,2,256.0,93,5,64.0,83
2024-07-24 09:29:45,76,6,64.0,36,241,256.0,540,2,256.0,94,5,64.0,84
2024-07-24 09:29:46,77,6,64.0,36,244,256.0,547,2,256.0,95,5,64.0,85
2024-07-24 09:29:47,78,6,64.0,36,247,256.0,554,2,256.0,96,5,64.0,86
2024-07-24 09:29:48,79,6,64.0,36,250,256.0,561,2,256.0,97,5,64.0,87
2024-07-24 09:29:49,80,6,64.0,36,253,256.0,568,2,256.0,98,5,64.0,88
2024-07-24 09:29:50,81,6,64.0,36,256,256.0,575,2,256.0,99,5,64.0,89
2024-07-24 09:29:51,82,6,64.0,36,259,256.0,582,2,256.0,100,5,64.0,90
2024-07-24 09:29:52,83,6,64.0,36,262,256.0,589,2,256.0,101,5,64.0,91
2024-07-24 09:29:53,84,6,64.0,36,265,256.0,596,2,256.0,102,5,64.0,92
2024-07-24 09:29:54,85,6,64.0,36,268,256.0,603,2,256.0,103,5,64.0,93
2024-07-24 09:29:55,86,6,64.0,36,271,256.0,610,2,256.0,104,5,64.0,94
2024-07-24 09:29:56,87,6,64.0,36,274,256.0,617,2,256.0,105,5,64.0,95
2024-07-24 09:29:57,88,6,64.0,36,277,256.0,624,2,256.0,106,5,64.0,96
2024-07-24 09:29:58,89,6,64.0,36,280,256.0,631,2,256.0,107,5,64.0,97
2024-07-24 09:29:59,90,6,64.0,36,283,256.0,638,2,256.0,108,5,64.0,98
2024-07-24 09:30:00,91,6,64.0,36,286,256.0,645,2,256.0,109,5,64.0,99
2024-07-24 09:30:01,92,6,64.0,36,289,256.0,652,2,256.0,110,5,64.0,100
2024-07-24 09:30:02,93,6,64.0,36,292,256.0,659,2,256.0,111,5,64.0,101
2024-07-24 09:30:03,94,6,64.0,36,295,256.0,666,2,256.0,112,5,64.0,102
2024-07-24 09:30:04,95,6,64.0,36,298,256.0,673,2,256.0,113,5,64.0,103
2024-07-24 09:30:05,96,6,64.0,36,301,256.0,680,2,256.0,114,5,64.0,104
2024-07-24 09:30:06,97,6,64.0,36,304,256.0,687,2,256.0,115,5,64.0,105
2024-07-24 09:30:07,98,6,64.0,36,307,256.0,694,2,256.0,116,5,64.0,106
2024-07-24 09:30:08,99,6,64.0,36,310,256.0,701,2,256.0,117,5,64.0,107
2024-07-24 09:30:09,100,6,64.0,36,313,256.0,708,2,256.0,118,5,64.0,108
2024-07-24 09:30:10,101,6,64.0,36,316,256.0,715,2,256.0,119,5,64.0,109
2024-07-24 09:30:11,102,6,64.0,36,319,256.0,722,2,256.0,120,5,64.0,110
2024-07-24 09:30:12,103,6,64.0,36,322,256.0,729,2,256.0,121,5,64.0,111
2024-07-24 09:30:13,104,6,64.0,36,325,256.0,736,2,256.0,122,5,64.0,112
2024-07-24 09:30:14,105,6,64.0,36,328,256.0,743,2,256.0,123,5,64.0,113
2024-07-24 09:30:15,106,6,64.0,36,331,256.0,750,2,256.0,124,5,64.0,114
2024-07-24 09:30:16,107,6,64.0,36,334,256.0,757,2,256.0,125,5,64.0,115
2024-07-24 09:30:17,108,6,64.0,36,337,256.0,764,2,256.0,126,5,64.0,116
2024-07-24 09:30:18,109,6,64.0,36,340,256.0,771,2,256.0,127,5,64.0,117
2024-07-24 09:30:19,110,6,64.0,36,343,256.0,778,2,256.0,128,5,64.0,118
2024-07-24 09:30:20,111,6,64.0,36,345,256.0,785,2,256.0,129,5,64.0,119
2024-07-24 09:30:21,112,6,64.0,36,348,256.0,792,2,256.0,130,5,64.0,120
2024-07-24 09:30:22,113,6,64.0,36,351,256.0,799,2,256.0,131,5,64.0,121
2024-07-24 09:30:23,114,6,64.0,36,354,256.0,806,2,256.0,132,5,64.0,122
2024-07-24 09:30:24,115,6,64.0,36,357,256.0,813,2,256.0,133,5,64.0,123
2024-07-24 09:30:25,116,6,64.0,36,360,256.0,820,2,256.0,134,5,64.0,124
2024-07-24 09:30:26,117,6,64.0,36,363,256.0,827,2,256.0,135,5,64.0,125
2024-07-24 09:30:27,118,6,64.0,36,366,256.0,834,2,256.0,136,5,64.0,126
2024-07-24 09:30:28,119,6,64.0,36,369,256.0,841,2,256.0,137,5,64.0,127
2024-07-24 09:30:29,120,6,64.0,36,372,256.0,848,2,256.0,138,5,64.0,128
2024-07-24 09:30:30,121,6,64.0,36,375,256.0,855,2,256.0,139,5,64.0,129
2024-07-24 09:30:31,122,6,64.0,36,378,256.0,862,2,256.0,140,5,64.0,130
2024-07-24 09:30:32,123,6,64.0,36,381,256.0,869,2,256.0,141,5,64.0,131
2024-07-24 09:30:33,124,6,64.0,36,384,256.0,876,2,256.0,142,5,64.0,132
2024-07-24 09:30:34,125,6,64.0,36,387,256.0,883,2,256.0,143,5,64.0,133
2024-07-24 09:30:35,126,6,64.0,36,390,256.0,890,2,256.0,144,5,64.0,134
2024-07-24 09:30:36,127,6,64.0,36,393,256.0,897,2,256.0,145,5,64.0,135
2024-07-24 09:30:37,128,6,64.0,36,396,256.0,904,2,256.0,146,5,64.0,136
2024-07-24 09:30:38,129,6,64.0,36,399,256.0,911,2,256.0,147,5,64.0,137
2024-07-24 09:30:39,130,6,64.0,36,402,256.0,918,2,256.0,148,5,64.0,138
2024-07-24 09:30:40,131,6,64.0,36,405,256.0,925,2,256.0,149,5,64.0,139
2024-07-24 09:30:41,132,6,64.0,36,408,256.0,932,2,256.0,150,5,64.0,140
2024-07-24 09:30:42,133,6,64.0,36,411,256.0,939,2,256.0,151,5,64.0,141
2024-07-24 09:30:43,134,6,64.0,36,414,256.0,946,2,256.0,152,5,64.0,142
2024-07-24 09:30:44,135,6,64.0,36,417,256.0,953,2,256.0,153,5,64.0,143
2024-07-24 09:30:45,136,6,64.0,36,420,256.0,960,2,256.0,154,5,64.0,144
2024-07-24 09:30:46,137,6,64.0,36,423,256.0,967,2,256.0,155,5,64.0,145
2024-07-24 09:30:47,138,6,64.0,36,426,256.0,974,2,256.0,156,5,64.0,146
2024-07-24 09:30:48,139,6,64.0,36,429,256.0,981,2,256.0,157,5,64.0,147
2024-07-24 09:30:49,140,6,64.0,36,432,256.0,988,2,256.0,158,5,64.0,148
2024-07-24 09:30:50,141,6,64.0,36,435,256.0,995,2,256.0,159,5,64.0,149
2024-07-24 09:30:51,142,6,64.0,36,438,256.0,1002,2,256.0,160,5,64.0,150
2024-07-24 09:30:52,143,6,64.0,36,441,256.0,1009,2,256.0,161,5,64.0,151
2024-07-24 09:30:53,144,6,64.0,36,444,256.0,1016,2,256.0,162,5,64.0,152
2024-07-24 09:30:54,145,6,64.0,36,447,256.0,1023,2,256.0,163,5,64.0,153
2024-07-24 09:30:55,146,6,64.0,36,450,256.0,1030,2,256.0,164,5,64.0,154
2024-07-24 09:30:56,147,6,64.0,36,453,256.0,1037,2,256.0,165,5,64.0,155
2024-07-24 09:30:57,148,6,64.0,36,456,256.0,1044,2,256.0,166,5,64.0,156
2024-07-24 09:30:58,149,6,64.0,36,459,256.0,1051,2,256.0,167,5,64.0,157
2024-07-24 09:30:59,150,6,64.0,36,462,256.0,1058,2,256.0,168,5,64.0,158
2024-07-24 09:31:00,151,6,64.0,36,465,256.0,1065,2,256.0,169,5,64.0,159
2024-07-24 09:31:01,152,6,64.0,36,468,256.0,1072,2,256.0,170,5,64.0,160
2024-07-24 09:31:02,153,6,64.0,36,471,256.0,1079,2,256.0,171,5,64.0,161
2024-07-24 09:31:03,154,6,64.0,36,474,256.0,1086,2,256.0,172,5,64.0,162
2024-07-24 09:31:04,155,6,64.0,36,477,256.0,1093,2,256.0,173,5,64.0,163
2024-07-24 09:31:05,156,6,64.0,36,480,256.0,1100,2,256.0,174,5,64.0,164
2024-07-24 09:31:06,157,6,64.0,36,483,256.0,1107,2,256.0,175,5,64.0,165
2024-07-24 09:31:07,158,6,64.0,36,486,256.0,1114,2,256.0,176,5,64.0,166
2024-07-24 09:31:08,159,6,64.0,36,489,256.0,1121,2,256.0,177,5,64.0,167
2024-07-24 09:31:09,160,6,64.0,36,492,256.0,1128,2,256.0,178,5,64.0,168
2024-07-24 09:31:10,161,6,64.0,36,495,256.0,1135,2,256.0,179,5,64.0,169
2024-07-24 09:31:11,162,6,64.0,36,498,256.0,1142,2,256.0,180,5,64.0,170
2024-07-24 09:31:12,163,6,64.0,36,501,256.0,1149,2,256.0,181,5,64.0,171
2024-07-24 09:31:13,164,6,64.0,36,504,256.0,1156,2,256.0,182,5,64.0,172
2024-07-24 09:31:14,165,6,64.0,36,507,256.0,1163,2,256.0,183,5,64.0,173
2024-07-24 09:31:15,166,6,64.0,36,510,256.0,1170,2,256.0,184,5,64.0,174
2024-07-24 09:31:16,167,6,64.0,36,513,256.0,1177,2,256.0,185,5,64.0,175
2024-07-24 09:31:17,168,6,64.0,36,515,256.0,1184,2,256.0,186,5,64.0,176
2024-07-24 09:31:18,169,6,64.0,36,518,256.0,1191,2,256.0,187,5,64.0,177
2024-07-24 09:31:19,170,6,64.0,36,521,256.0,1198,2,256.0,188,5,64.0,178
2024-07-24 09:31:20,171,6,64.0,36,524,256.0,1205,2,256.0,189,5,64.0,179
2024-07-24 09:31:21,172,6,64.0,36,527,256.0,1212,2,256.0,190,5,64.0,180
2024-07-24 09:31:22,173,6,64.0,36,530,256.0,1219,2,256.0,191,5,64.0,181
2024-07-24 09:31:23,174,6,64.0,36,533,256.0,1226,2,256.0,192,5,64.0,182
2024-07-24 09:31:24,175,6,64.0,36,536,256.0,1233,2,256.0,193,5,64.0,183
2024-07-24 09:31:25,176,6,64.0,36,539,256.0,1240,2,256.0,194,5,64.0,184
2024-07-24 09:31:26,177,6,64.0,36,542,256.0,1247,2,256.0,195,5,64.0,185
2024-07-24 09:31:27,178,6,64.0,36,545,256.0,1254,2,256.0,196,5,64.0,186
2024-07-24 09:31:28,179,6,64.0,36,548,256.0,1261,2,256.0,197,5,64.0,187
2024-07-24 09:31:29,180,6,64.0,36,551,256.0,1268,2,256.0,198,5,64.0,188
2024-07-24 09:31:30,181,6,64.0,36,554,256.0,1275,2,256.0,199,5,64.0,189
2024-07-24 09:31:31,182,6,64.0,36,557,256.0,1282,2,256.0,200,5,64.0,190
2024-07-24 09:31:32,183,6,64.0,36,560,256.0,1289,2,256.0,201,5,64.0,191
2024-07-24 09:31:33,184,6,64.0,36,563,256.0,1296,2,256.0,202,5,64.0,192
2024-07-24 09:31:34,185,6,64.0,36,566,256.0,1303,2,256.0,203,5,64.0,193
2024-07-24 09:31:35,186,6,64.0,36,569,256.0,1310,2,256.0,204,5,64.0,194
2024-07-24 09:31:36,187,6,64.0,36,572,256.0,1317,2,256.0,205,5,64.0,195
2024-07-24 09:31:37,188,6,64.0,36,575,256.0,1324,2,256.0,206,5,64.0,196
2024-07-24 09:31:38,189,6,64.0,36,578,256.0,1331,2,256.0,207,5,64.0,197
2024-07-24 09:31:39,190,6,64.0,36,581,256.0,1338,2,256.0,208,5,64.0,198
2024-07-24 09:31:40,191,6,64.0,36,584,256.0,1345,2,256.0,209,5,64.0,199
2024-07-24 09:31:41,192,6,64.0,36,587,256.0,1352,2,256.0,210,5,64.0,200
2024-07-24 09:31:42,193,6,64.0,36,590,256.0,1359,2,256.0,211,5,64.0,201
2024-07-24 09:31:43,194,6,64.0,36,593,256.0,1366,2,256.0,212,5,64.0,202
2024-07-24 09:31:44,195,6,64.0,36,596,256.0,1373,2,256.0,213,5,64.0,203
2024-07-24 09:31:45,196,6,64.0,36,599,256.0,1380,2,256.0,214,5,64.0,204
2024-07-24 09:31:46,197,6,64.0,36,602,256.0,1387,2,256.0,215,5,64.0,205
2024-07-24 09:31:47,198,6,64.0,36,605,256.0,1394,2,256.0,216,5,64.0,206
2024-07-24 09:31:48,199,6,64.0,36,608,256.0,1401,2,256.0,217,5,64.0,207
2024-07-24 09:31:49,200,6,64.0,36,611,256.0,1408,2,256.0,218,5,64.0,208
2024-07-24 09:31:50,201,6,64.0,36,614,256.0,1415,2,256.0,219,5,64.0,209
2024-07-24 09:31:51,202,6,64.0,36,617,256.0,1422,2,256.0,220,5,64.0,210
2024-07-24 09:31:52,203,6,64.0,36,620,256.0,1429,2,256.0,221,5,64.0,211
2024-07-24 09:31:53,204,6,64.0,36,623,256.0,1436,2,256.0,222,5,64.0,212
2024-07-24 09:31:54,205,6,64.0,36,626,256.0,1443,2,256.0,223,5,64.0,213
2024-07-24 09:31:55,206,6,64.0,36,629,256.0,1450,2,256.0,224,5,64.0,214
2024-07-24 09:31:56,207,6,64.0,36,632,256.0,1457,2,256.0,225,5,64.0,215
2024-07-24 09:31:57,208,6,64.0,36,635,256.0,1464,2,256.0,226,5,64.0,216
2024-07-24 09:31:58,209,6,64.0,36,638,256.0,1471,2,256.0,227,5,64.0,217
2024-07-24 09:31:59,210,6,64.0,36,641,256.0,1478,2,256.0,228,5,64.0,218
2024-07-24 09:32:00,211,6,64.0,36,644,256.0,1485,2,256.0,229,5,64.0,219
2024-07-24 09:32:01,212,6,64.0,36,647,256.0,1492,2,256.0,230,5,64.0,220
2024-07-24 09:32:02,213,6,64.0,36,650,256.0,1499,2,256.0,231,5,64.0,221
2024-07-24 09:32:03,214,6,64.0,36,653,256.0,1506,2,256.0,232,5,64.0,222
2024-07-24 09:32:04,215,6,64.0,36,656,256.0,1513,2,256.0,233,5,64.0,223
2024-07-24 09:32:05,216,6,64.0,36,659,256.0,1520,2,256.0,234,5,64.0,224
2024-07-24 09:32:06,217,6,64.0,36,662,256.0,1527,2,256.0,235,5,64.0,225
2024-07-24 09:32:07,218,6,64.0,36,665,256.0,1534,2,256.0,236,5,64.0,226
2024-07-24 09:32:08,219,6,64.0,36,668,256.0,1541,2,256.0,237,5,64.0,227
2024-07-24 09:32:09,220,6,64.0,36,671,256.0,1548,2,256.0,238,5,64.0,228
2024-07-24 09:32:10,221,6,64.0,36,674,256.0,1555,2,256.0,239,5,64.0,229
2024-07-24 09:32:11,222,6,64.0,36,677,256.0,1562,2,256.0,240,5,64.0,230
2024-07-24 09:32:12,223,6,64.0,36,680,256.0,1569,2,256.0,241,5,64.0,231
2024-07-24 09:32:13,224,6,64.0,36,683,256.0,1576,2,256.0,242,5,64.0,232
2024-07-24 09:32:14,225,6,64.0,36,685,256.0,1583,2,256.0,243,5,64.0,233
2024-07-24 09:32:15,226,6,64.0,36,688,256.0,1590,2,256.0,244,5,64.0,234
2024-07-24 09:32:16,227,6,64.0,36,691,256.0,1597,2,256.0,245,5,64.0,235
2024-07-24 09:32:17,228,6,64.0,36,694,256.0,1604,2,256.0,246,5,64.0,236
2024-07-24 09:32:18,229,6,64.0,36,697,256.0,1611,2,256.0,247,5,64.0,237
2024-07-24 09:32:19,230,6,64.0,36,700,256.0,1618,2,256.0,248,5,64.0,238
2024-07-24 09:32:20,231,6,64.0,36,703,256.0,1625,2,256.0,249,5,64.0,239
2024-07-24 09:32:21,232,6,64.0,36,706,256.0,1632,2,256.0,250,5,64.0,240
2024-07-24 09:32:22,233,6,64.0,36,709,256.0,1639,2,256.0,251,5,64.0,241
2024-07-24 09:32:23,234,6,64.0,36,712,256.0,1646,2,256.0,252,5,64.0,242
2024-07-24 09:32:24,235,6,64.0,36,715,256.0,1653,2,256.0,253,5,64.0,243
2024-07-24 09:32:25,236,6,64.0,36,718,256.0,1660,2,256.0,254,5,64.0,244
2024-07-24 09:32:26,237,6,64.0,36,721,256.0,1667,2,256.0,255,5,64.0,245
2024-07-24 09:32:27,238,6,64.0,36,724,256.0,1674,2,256.0,256,5,64.0,246
2024-07-24 09:32:28,239,6,64.0,36,727,256.0,1681,2,256.0,257,5,64.0,247
2024-07-24 09:32:29,240,6,64.0,36,730,256.0,1688,2,256.0,258,5,64.0,248
2024-07-24 09:32:30,241,6,64.0,36,733,256.0,1695,2,256.0,259,5,64.0,249
2024-07-24 09:32:31,242,6,64.0,36,736,256.0,1702,2,256.0,260,5,64.0,250
2024-07-24 09:32:32,243,6,64.0,36,739,256.0,1709,2,256.0,261,5,64.0,251
2024-07-24 09:32:33,244,6,64.0,36,742,256.0,1716,2,256.0,262,5,64.0,252
2024-07-24 09:32:34,245,6,64.0,36,745,256.0,1723,2,256.0,263,5,64.0,253
2024-07-24 09:32:35,246,6,64.0,36,748,256.0,1730,2,256.0,264,5,64.0,254
2024-07-24 09:32:36,247,6,64.0,36,751,256.0,1737,2,256.0,265,5,64.0,255
2024-07-24 09:32:37,248,6,64.0,36,754,256.0,1744,2,256.0,266,5,64.0,256
2024-07-24 09:32:38,249,6,64.0,36,757,256.0,1751,2,256.0,267,5,64.0,257
2024-07-24 09:32:39,250,6,64.0,36,760,256.0,1758,2,256.0,268,5,64.0,258
2024-07-24 09:32:40,251,6,64.0,36,763,256.0,1765,2,256.0,269,5,64.0,259
2024-07-24 09:32:41,252,6,64.0,36,766,256.0,1772,2,256.0,270,5,64.0,260
2024-07-24 09:32:42,253,6,64.0,36,769,256.0,1779,2,256.0,271,5,64.0,261
2024-07-24 09:32:43,254,6,64.0,36,772,256.0,1786,2,256.0,272,5,64.0,262
2024-07-24 09:32:44,255,6,64.0,36,775,256.0,1793,2,256.0,273,5,64.0,263
2024-07-24 09:32:45,256,6,64.0,36,778,256.0,1800,2,256.0,274,5,64.0,264
2024-07-24 09:32:46,257,6,64.0,36,781,256.0,1807,2,256.0,275,5,64.0,265
2024-07-24 09:32:47,258,6,64.0,36,784,256.0,1814,2,256.0,276,5,64.0,266
2024-07-24 09:32:48,259,6,64.0,36,787,256.0,1821,2,256.0,277,5,64.0,267
2024-07-24 09:32:49,260,6,64.0,36,790,256.0,1828,2,256.0,278,5,64.0,268
2024-07-24 09:32:50,261,6,64.0,36,793,256.0,1835,2,256.0,279,5,64.0,269
2024-07-24 09:32:51,262,6,64.0,36,796,256.0,1842,2,256.0,280,5,64.0,270
2024-07-24 09:32:52,263,6,64.0,36,799,256.0,1849,2,256.0,281,5,64.0,271
2024-07-24 09:32:53,264,6,64.0,36,802,256.0,1856,2,256.0,282,5,64.0,272
2024-07-24 09:32:54,265,6,64.0,36,805,256.0,1863,2,256.0,283,5,64.0,273
2024-07-24 09:32:55,266,6,64.0,36,808,256.0,1870,2,256.0,284,5,64.0,274
2024-07-24 09:32:56,267,6,64.0,36,811,256.0,1877,2,256.0,285,5,64.0,275
2024-07-24 09:32:57,268,6,64.0,36,814,256.0,1884,2,256.0,286,5,64.0,276
2024-07-24 09:32:58,269,6,64.0,36,817,256.0,1891,2,256.0,287,5,64.0,277
2024-07-24 09:32:59,270,6,64.0,36,820,256.0,1898,2,256.0,288,5,64.0,278
2024-07-24 09:33:00,271,6,64.0,36,823,256.0,1905,2,256.0,289,5,64.0,279
2024-07-24 09:33:01,272,6,64.0,36,826,256.0,1912,2,256.0,290,5,64.0,280
2024-07-24 09:33:02,273,6,64.0,36,829,256.0,1919,2,256.0,291,5,64.0,281
2024-07-24 09:33:03,274,6,64.0,36,832,256.0,1926,2,256.0,292,5,64.0,282
2024-07-24 09:33:04,275,6,64.0,36,835,256.0,1933,2,256.0,293,5,64.0,283
2024-07-24 09:33:05,276,6,64.0,36,838,256.0,1940,2,256.0,294,5,64.0,284
2024-07-24 09:33:06,277,6,64.0,36,841,256.0,1947,2,256.0,295,5,64.0,285
2024-07-24 09:33:07,278,6,64.0,36,844,256.0,1954,2,256.0,296,5,64.0,286
2024-07-24 09:33:08,279,6,64.0,36,847,256.0,1961,2,256.0,297,5,64.0,287
2024-07-24 09:33:09,280,6,64.0,36,850,256.0,1968,2,256.0,298,5,64.0,288
2024-07-24 09:33:10,281,6,64.0,36,853,256.0,1975,2,256.0,299,5,64.0,289
2024-07-24 09:33:11,282,6,64.0,36,855,256.0,1982,2,256.0,300,5,64.0,290
2024-07-24 09:33:12,283,6,64.0,36,858,256.0,1989,2,256.0,301,5,64.0,291
2024-07-24 09:33:13,284,6,64.0,36,861,256.0,1996,2,256.0,302,5,64.0,292
2024-07-24 09:33:14,285,6,64.0,36,864,256.0,2003,2,256.0,303,5,64.0,293
2024-07-24 09:33:15,286,6,64.0,36,867,256.0,2010,2,256.0,304,5,64.0,294
2024-07-24 09:33:16,287,6,64.0,36,870,256.0,2017,2,256.0,305,5,64.0,295
2024-07-24 09:33:17,288,6,64.0,36,873,256.0,2024,2,256.0,306,5,64.0,296
2024-07-24 09:33:18,289,6,64.0,36,876,256.0,2031,2,256.0,307,5,64.0,297
2024-07-24 09:33:19,290,6,64.0,36,879,256.0,2038,2,256.0,308,5,64.0,298
2024-07-24 09:33:20,291,6,64.0,36,882,256.0,2045,2,256.0,309,5,64.0,299
2024-07-24 09:33:21,292,6,64.0,36,885,256.0,2052,2,256.0,310,5,64.0,300
2024-07-24 09:33:22,293,6,64.0,36,888,256.0,2059,2,256.0,311,5,64.0,301
2024-07-24 09:33:23,294,6,64.0,36,891,256.0,2066,2,256.0,312,5,64.0,302
2024-07-24 09:33:24,295,6,64.0,36,894,256.0,2073,2,256.0,313,5,64.0,303
2024-07-24 09:33:25,296,6,64.0,36,897,256.0,2080,2,256.0,314,5,64.0,304
2024-07-24 09:33:26,297,6,64.0,36,900,256.0,2087,2,256.0,315,5,64.0,305
2024-07-24 09:33:27,298,6,64.0,36,903,256.0,2094,2,256.0,316,5,64.0,306
2024-07-24 09:33:28,299,6,64.0,36,906,256.0,2101,2,256.0,317,5,64.0,307
2024-07-24 09:33:29,300,6,64.0,36,909,256.0,2108,2,256.0,318,5,64.0,308
2024-07-24 09:33:30,301,6,64.0,36,912,256.0,2115,2,256.0,319,5,64.0,309
2024-07-24 09:33:31,302,6,64.0,36,915,256.0,2122,2,256.0,320,5,64.0,310
2024-07-24 09:33:32,303,6,64.0,36,918,256.0,2129,2,256.0,321,5,64.0,311
2024-07-24 09:33:33,304,6,64.0,36,921,256.0,2136,2,256.0,322,5,64.0,312
2024-07-24 09:33:34,305,6,64.0,36,924,256.0,2143,2,256.0,323,5,64.0,313
2024-07-24 09:33:35,306,6,64.0,36,927,256.0,2150,2,256.0,324,5,64.0,314
2024-07-24 09:33:36,307,6,64.0,36,930,256.0,2157,2,256.0,325,5,64.0,315
2024-07-24 09:33:37,308,6,64.0,36,933,256.0,2164,2,256.0,326,5,64.0,316
2024-07-24 09:33:38,309,6,64.0,36,936,256.0,2171,2,256.0,327,5,64.0,317
2024-07-24 09:33:39,310,6,64.0,36,939,256.0,2178,2,256.0,328,5,64.0,318
2024-07-24 09:33:40,311,6,64.0,36,942,256.0,2185,2,256.0,329,5,64.0,319
2024-07-24 09:33:41,312,6,64.0,36,945,256.0,2192,2,256.0,330,5,64.0,320
2024-07-24 09:33:42,313,6,64.0,36,948,256.0,2199,2,256.0,331,5,64.0,321
2024-07-24 09:33:43,314,6,64.0,36,951,256.0,2206,2,256.0,332,5,64.0,322
2024-07-24 09:33:44,315,6,64.0,36,954,256.0,2213,2,256.0,333,5,64.0,323
2024-07-24 09:33:45,316,6,64.0,36,957,256.0,2220,2,256.0,334,5,64.0,324
2024-07-24 09:33:46,317,6,64.0,36,960,256.0,2227,2,256.0,335,5,64.0,325
2024-07-24 09:33:47,318,6,64.0,36,963,256.0,2234,2,256.0,336,5,64.0,326
2024-07-24 09:33:48,319,6,64.0,36,966,256.0,2241,2,256.0,337,5,64.0,327
2024-07-24 09:33:49,320,6,64.0,36,969,256.0,2248,2,256.0,338,5,64.0,328
2024-07-24 09:33:50,321,6,64.0,36,972,256.0,2255,2,256.0,339,5,64.0,329
2024-07-24 09:33:51,322,6,64.0,36,975,256.0,2262,2,256.0,340,5,64.0,330
2024-07-24 09:33:52,323,6,64.0,36,978,256.0,2269,2,256.0,341,5,64.0,331
2024-07-24 09:33:53,324,6,64.0,36,981,256.0,2276,2,256.0,342,5,64.0,332
2024-07-24 09:33:54,325,6,64.0,36,984,256.0,2283,2,256.0,343,5,64.0,333
2024-07-24 09:33:55,326,6,64.0,36,987,256.0,2290,2,256.0,344,5,64.0,334
2024-07-24 09:33:56,327,6,64.0,36,990,256.0,2297,2,256.0,345,5,64.0,335
2024-07-24 09:33:57,328,6,64.0,36,993,256.0,2304,2,256.0,346,5,64.0,336
2024-07-24 09:33:58,329,6,64.0,36,996,256.0,2311,2,256.0,347,5,64.0,337
2024-07-24 09:33:59,330,6,64.0,36,999,256.0,2318,2,256.0,348,5,64.0,338
2024-07-24 09:34:00,331,6,64.0,36,1002,256.0,2325,2,256.0,349,5,64.0,339
2024-07-24 09:34:01,332,6,64.0,36,1005,256.0,2332,2,256.0,350,5,64.0,340
2024-07-24 09:34:02,333,6,64.0,36,1008,256.0,2339,2,256.0,351,5,64.0,341
2024-07-24 09:34:03,334,6,64.0,36,1011,256.0,2346,2,256.0,352,5,64.0,342
2024-07-24 09:34:04,335,6,64.0,36,1014,256.0,2353,2,256.0,353,5,64.0,343
2024-07-24 09:34:05,336,6,64.0,36,1017,256.0,2360,2,256.0,354,5,64.0,344
2024-07-24 09:34:06,337,6,64.0,36,1020,256.0,2367,2,256.0,355,5,64.0,345
2024-07-24 09:34:07,338,6,64.0,36,1023,256.0,2374,2,256.0,356,5,64.0,346
2024-07-24 09:34:08,339,6,64.0,36,1025,256.0,2381,2,256.0,357,5,64.0,347
2024-07-24 09:34:09,340,6,64.0,36,1028,256.0,2388,2,256.0,358,5,64.0,348
2024-07-24 09:34:10,341,6,64.0,36,1031,256.0,2395,2,256.0,359,5,64.0,349
2024-07-24 09:34:11,342,6,64.0,36,1034,256.0,2402,2,256.0,360,5,64.0,350
2024-07-24 09:34:12,343,6,64.0,36,1037,256.0,2409,2,256.0,361,5,64.0,351
2024-07-24 09:34:13,344,6,64.0,36,1040,256.0,2416,2,256.0,362,5,64.0,352
2024-07-24 09:34:14,345,6,64.0,36,1043,256.0,2423,2,256.0,363,5,64.0,353
2024-07-24 09:34:15,346,6,64.0,36,1046,256.0,2430,2,256.0,364,5,64.0,354
2024-07-24 09:34:16,347,6,64.0,36,1049,256.0,2437,2,256.0,365,5,64.0,355
2024-07-24 09:34:17,348,6,64.0,36,1052,256.0,2444,2,256.0,366,5,64.0,356
2024-07-24 09:34:18,349,6,64.0,36,1055,256.0,2451,2,256.0,367,5,64.0,357
2024-07-24 09:34:19,350,6,64.0,36,1058,256.0,2458,2,256.0,368,5,64.0,358
2024-07-24 09:34:20,351,6,64.0,36,1061,256.0,2465,2,256.0,369,5,64.0,359
2024-07-24 09:34:21,352,6,64.0,36,1064,256.0,2472,2,256.0,370,5,64.0,360
2024-07-24 09:34:22,353,6,64.0,36,1067,256.0,2479,2,256.0,371,5,64.0,361
2024-07-24 09:34:23,354,6,64.0,36,1070,256.0,2486,2,256.0,372,5,64.0,362
2024-07-24 09:34:24,355,6,64.0,36,1073,256.0,2493,2,256.0,373,5,64.0,363
2024-07-24 09:34:25,356,6,64.0,36,1076,256.0,2500,2,256.0,374,5,64.0,364
2024-07-24 09:34:26,357,6,64.0,36,1079,256.0,2507,2,256.0,375,5,64.0,365
2024-07-24 09:34:27,358,6,64.0,36,1082,256.0,2514,2,256.0,376,5,64.0,366
2024-07-24 09:34:28,359,6,64.0,36,1085,256.0,2521,2,256.0,377,5,64.0,367
2024-07-24 09:34:29,360,6,64.0,36,1088,256.0,2528,2,256.0,378,5,64.0,368
2024-07-24 09:34:30,361,6,64.0,36,1091,256.0,2535,2,256.0,379,5,64.0,369
2024-07-24 09:34:31,362,6,64.0,36,1094,256.0,2542,2,256.0,380,5,64.0,370
2024-07-24 09:34:32,363,6,64.0,36,1097,256.0,2549,2,256.0,381,5,64.0,371
2024-07-24 09:34:33,364,6,64.0,36,1100,256.0,2556,2,256.0,382,5,64.0,372
2024-07-24 09:34:34,365,6,64.0,36,1103,256.0,2563,2,256.0,383,5,64.0,373
2024-07-24 09:34:35,366,6,64.0,36,1106,256.0,2570,2,256.0,384,5,64.0,374
2024-07-24 09:34:36,367,6,64.0,36,1109,256.0,2577,2,256.0,385,5,64.0,375
2024-07-24 09:34:37,368,6,64.0,36,1112,256.0,2584,2,256.0,386,5,64.0,376
2024-07-24 09:34:38,369,6,64.0,36,1115,256.0,2591,2,256.0,387,5,64.0,377
2024-07-24 09:34:39,370,6,64.0,36,1118,256.0,2598,2,256.0,388,5,64.0,378
2024-07-24 09:34:40,371,6,64.0,36,1121,256.0,2605,2,256.0,389,5,64.0,379
2024-07-24 09:34:41,372,6,64.0,36,1124,256.0,2612,2,256.0,390,5,64.0,380
2024-07-24 09:34:42,373,6,64.0,36,1127,256.0,2619,2,256.0,391,5,64.0,381
2024-07-24 09:34:43,374,6,64.0,36,1130,256.0,2626,2,256.0,392,5,64.0,382
2024-07-24 09:34:44,375,6,64.0,36,1133,256.0,2633,2,256.0,393,5,64.0,383
2024-07-24 09:34:45,376,6,64.0,36,1136,256.0,2640,2,256.0,394,5,64.0,384
2024-07-24 09:34:46,377,6,64.0,36,1139,256.0,2647,2,256.0,395,5,64.0,385
2024-07-24 09:34:47,378,6,64.0,36,1142,256.0,2654,2,256.0,396,5,64.0,386
2024-07-24 09:34:48,379,6,64.0,36,1145,256.0,2661,2,256.0,397,5,64.0,387
2024-07-24 09:34:49,380,6,64.0,36,1148,256.0,2668,2,256.0,398,5,64.0,388
2024-07-24 09:34:50,381,6,64.0,36,1151,256.0,2675,2,256.0,399,5,64.0,389
2024-07-24 09:34:51,382,6,64.0,36,1154,256.0,2682,2,256.0,400,5,64.0,390
2024-07-24 09:34:52,383,6,64.0,36,1157,256.0,2689,2,256.0,401,5,64.0,391
2024-07-24 09:34:53,384,6,64.0,36,1160,256.0,2696,2,256.0,402,5,64.0,392
2024-07-24 09:34:54,385,6,64.0,36,1163,256.0,2703,2,256.0,403,5,64.0,393
2024-07-24 09:34:55,386,6,64.0,36,1166,256.0,2710,2,256.0,404,5,64.0,394
2024-07-24 09:34:56,386,6,64.0,36,1169,256.0,2717,2,256.0,405,5,64.0,395
2024-07-24 09:34:57,387,6,64.0,36,1172,256.0,2724,2,256.0,406,5,64.0,396
2024-07-24 09:34:58,388,6,64.0,36,1175,256.0,2731,2,256.0,407,5,64.0,397
2024-07-24 09:34:59,389,6,64.0,36,1178,256.0,2738,2,256.0,408,5,64.0,398
2024-07-24 09:35:00,390,6,64.0,36,1181,256.0,2745,2,256.0,409,5,64.0,399
2024-07-24 09:35:01,391,6,64.0,36,1184,256.0,2752,2,256.0,410,5,64.0,400
2024-07-24 09:35:02,392,6,64.0,36,1187,256.0,2759,2,256.0,411,5,64.0,401
2024-07-24 09:35:03,393,6,64.0,36,1190,256.0,2766,2,256.0,412,5,64.0,402
2024-07-24 09:35:04,394,6,64.0,36,1193,256.0,2773,2,256.0,413,5,64.0,403
2024-07-24 09:35:05,395,6,64.0,36,1195,256.0,2780,2,256.0,414,5,64.0,404
2024-07-24 09:35:06,396,6,64.0,36,1198,256.0,2787,2,256.0,415,5,64.0,405
2024-07-24 09:35:07,397,6,64.0,36,1201,256.0,2794,2,256.0,416,5,64.0,406
2024-07-24 09:35:08,398,6,64.0,36,1204,256.0,2801,2,256.0,417,5,64.0,407
2024-07-24 09:35:09,399,6,64.0,36,1207,256.0,2808,2,256.0,418,5,64.0,408
2024-07-24 09:35:10,400,6,64.0,36,1210,256.0,2815,2,256.0,419,5,64.0,409
2024-07-24 09:35:11,401,6,64.0,36,1213,256.0,2822,2,256.0,420,5,64.0,410
2024-07-24 09:35:12,402,6,64.0,36,1216,256.0,2829,2,256.0,421,5,64.0,411
2024-07-24 09:35:13,403,6,64.0,36,1219,256.0,2836,2,256.0,422,5,64.0,412
2024-07-24 09:35:14,404,6,64.0,36,1222,256.0,2843,2,256.0,423,5,64.0,413
2024-07-24 09:35:15,405,6,64.0,36,1225,256.0,2850,2,256.0,424,5,64.0,414
2024-07-24 09:35:16,406,6,64.0,36,1228,256.0,2857,2,256.0,425,5,64.0,415
2024-07-24 09:35:17,407,6,64.0,36,1231,256.0,2864,2,256.0,426,5,64.0,416
2024-07-24 09:35:18,408,6,64.0,36,1234,256.0,2871,2,256.0,427,5,64.0,417
2024-07-24 09:35:19,409,6,64.0,36,1237,256.0,2878,2,256.0,428,5,64.0,418
2024-07-24 09:35:20,410,6,64.0,36,1240,256.0,2885,2,256.0,429,5,64.0,419
2024-07-24 09:35:21,411,6,64.0,36,1243,256.0,2892,2,256.0,430,5,64.0,420
2024-07-24 09:35:22,412,6,64.0,36,1246,256.0,2899,2,256.0,431,5,64.0,421
2024-07-24 09:35:23,413,6,64.0,36,1249,256.0,2906,2,256.0,432,5,64.0,422
2024-07-24 09:35:24,414,6,64.0,36,1252,256.0,2913,2,256.0,433,5,64.0,423
2024-07-24 09:35:25,415,6,64.0,36,1255,256.0,2920,2,256.0,434,5,64.0,424
2024-07-24 09:35:26,416,6,64.0,36,1258,256.0,2927,2,256.0,435,5,64.0,425
2024-07-24 09:35:27,417,6,64.0,36,1261,256.0,2934,2,256.0,436,5,64.0,426
2024-07-24 09:35:28,418,6,64.0,36,1264,256.0,2941,2,256.0,437,5,64.0,427
2024-07-24 09:35:29,419,6,64.0,36,1267,256.0,2948,2,256.0,438,5,64.0,428
2024-07-24 09:35:30,420,6,64.0,36,1270,256.0,2955,2,256.0,439,5,64.0,429
2024-07-24 09:35:31,421,6,64.0,36,1273,256.0,2962,2,256.0,440,5,64.0,430
2024-07-24 09:35:32,422,6,64.0,36,1276,256.0,2969,2,256.0,441,5,64.0,431
2024-07-24 09:35:33,423,6,64.0,36,1279,256.0,2976,2,256.0,442,5,64.0,432
2024-07-24 09:35:34,424,6,64.0,36,1282,256.0,2983,2,256.0,443,5,64.0,433
2024-07-24 09:35:35,425,6,64.0,36,1285,256.0,2990,2,256.0,444,5,64.0,434
2024-07-24 09:35:36,426,6,64.0,36,1288,256.0,2997,2,256.0,445,5,64.0,435
2024-07-24 09:35:37,427,6,64.0,36,1291,256.0,3004,2,256.0,446,5,64.0,436
2024-07-24 09:35:38,428,6,64.0,36,1294,256.0,3011,2,256.0,447,5,64.0,437
2024-07-24 09:35:39,429,6,64.0,36,1297,256.0,3018,2,256.0,448,5,64.0,438
2024-07-24 09:35:40,430,6,64.0,36,1300,256.0,3025,2,256.0,449,5,64.0,439
2024-07-24 09:35:41,431,6,64.0,36,1303,256.0,3032,2,256.0,450,5,64.0,440
2024-07-24 09:35:42,432,6,64.0,36,1306,256.0,3039,2,256.0,451,5,64.0,441
2024-07-24 09:35:43,433,6,64.0,36,1309,256.0,3046,2,256.0,452,5,64.0,442
2024-07-24 09:35:44,434,6,64.0,36,1312,256.0,3053,2,256.0,453,5,64.0,443
2024-07-24 09:35:45,435,6,64.0,36,1315,256.0,3060,2,256.0,454,5,64.0,444
2024-07-24 09:35:46,436,6,64.0,36,1318,256.0,3067,2,256.0,455,5,64.0,445
2024-07-24 09:35:47,437,6,64.0,36,1321,256.0,3074,2,256.0,456,5,64.0,446
2024-07-24 09:35:48,439,6,64.0,36,1324,256.0,3081,2,256.0,457,5,64.0,447
2024-07-24 09:35:49,439,6,64.0,36,1327,256.0,3088,2,256.0,458,5,64.0,448
2024-07-24 09:35:50,440,6,64.0,36,1330,256.0,3095,2,256.0,459,5,64.0,449
2024-07-24 09:35:51,441,6,64.0,36,1333,256.0,3102,2,256.0,460,5,64.0,450
2024-07-24 09:35:52,442,6,64.0,36,1336,256.0,3109,2,256.0,461,5,64.0,451
2024-07-24 09:35:53,443,6,64.0,36,1339,256.0,3116,2,256.0,462,5,64.0,452
2024-07-24 09:35:54,444,6,64.0,36,1342,256.0,3123,2,256.0,463,5,64.0,453
2024-07-24 09:35:55,445,6,64.0,36,1345,256.0,3130,2,256.0,464,5,64.0,454
2024-07-24 09:35:56,446,6,64.0,36,1348,256.0,3137,2,256.0,465,5,64.0,455
2024-07-24 09:35:57,447,6,64.0,36,1351,256.0,3144,2,256.0,466,5,64.0,456
2024-07-24 09:35:58,448,6,64.0,36,1354,256.0,3151,2,256.0,467,5,64.0,457
2024-07-24 09:35:59,449,6,64.0,36,1357,256.0,3158,2,256.0,468,5,64.0,458
2024-07-24 09:36:00,450,6,64.0,36,1360,256.0,3165,2,256.0,469,5,64.0,459
2024-07-24 09:36:01,451,6,64.0,36,1363,256.0,3172,2,256.0,470,5,64.0,460
2024-07-24 09:36:02,452,6,64.0,36,1365,256.0,3179,2,256.0,471,5,64.0,461
2024-07-24 09:36:03,453,6,64.0,36,1368,256.0,3186,2,256.0,472,5,64.0,462
2024-07-24 09:36:04,455,6,64.0,36,1371,256.0,3193,2,256.0,473,5,64.0,463
2024-07-24 09:36:05,455,6,64.0,36,1374,256.0,3200,2,256.0,474,5,64.0,464
2024-07-24 09:36:06,456,6,64.0,36,1377,256.0,3207,2,256.0,475,5,64.0,465
2024-07-24 09:36:07,457,6,64.0,36,1380,256.0,3214,2,256.0,476,5,64.0,466
2024-07-24 09:36:08,458,6,64.0,36,1383,256.0,3221,2,256.0,477,5,64.0,467
2024-07-24 09:36:09,459,6,64.0,36,1386,256.0,3228,2,256.0,478,5,64.0,468
2024-07-24 09:36:10,460,6,64.0,36,1389,256.0,3235,2,256.0,479,5,64.0,469
2024-07-24 09:36:11,461,6,64.0,36,1392,256.0,3242,2,256.0,480,5,64.0,470
2024-07-24 09:36:12,462,6,64.0,36,1395,256.0,3249,2,256.0,481,5,64.0,471
2024-07-24 09:36:13,463,6,64.0,36,1398,256.0,3256,2,256.0,482,5,64.0,472
2024-07-24 09:36:14,464,6,64.0,36,1401,256.0,3263,2,256.0,483,5,64.0,473
2024-07-24 09:36:15,465,6,64.0,36,1404,256.0,3270,2,256.0,484,5,64.0,474
2024-07-24 09:36:16,466,6,64.0,36,1407,256.0,3277,2,256.0,485,5,64.0,475
2024-07-24 09:36:17,467,6,64.0,36,1410,256.0,3284,2,256.0,486,5,64.0,476
2024-07-24 09:36:18,468,6,64.0,36,1413,256.0,3291,2,256.0,487,5,64.0,477
2024-07-24 09:36:19,469,6,64.0,36,1416,256.0,3298,2,256.0,488,5,64.0,478
2024-07-24 09:36:20,470,6,64.0,36,1419,256.0,3305,2,256.0,489,5,64.0,479
2024-07-24 09:36:21,471,6,64.0,36,1422,256.0,3312,2,256.0,490,5,64.0,480
2024-07-24 09:36:22,472,6,64.0,36,1425,256.0,3319,2,256.0,491,5,64.0,481
2024-07-24 09:36:23,473,6,64.0,36,1428,256.0,3326,2,256.0,492,5,64.0,482
2024-07-24 09:36:24,474,6,64.0,36,1431,256.0,3333,2,256.0,493,5,64.0,483
2024-07-24 09:36:25,475,6,64.0,36,1434,256.0,3340,2,256.0,494,5,64.0,484
2024-07-24 09:36:26,476,6,64.0,36,1437,256.0,3347,2,256.0,495,5,64.0,485
2024-07-24 09:36:27,477,6,64.0,36,1440,256.0,3354,2,256.0,496,5,64.0,486
2024-07-24 09:36:28,478,6,64.0,36,1443,256.0,3361,2,256.0,497,5,64.0,487
2024-07-24 09:36:29,479,6,64.0,36,1446,256.0,3368,2,256.0,498,5,64.0,488
2024-07-24 09:36:30,480,6,64.0,36,1449,256.0,3375,2,256.0,499,5,64.0,489
2024-07-24 09:36:31,481,6,64.0,36,1452,256.0,3382,2,256.0,500,5,64.0,490
2024-07-24 09:36:32,482,6,64.0,36,1455,256.0,3389,2,256.0,501,5,64.0,491
2024-07-24 09:36:33,483,6,64.0,36,1458,256.0,3396,2,256.0,502,5,64.0,492
2024-07-24 09:36:34,484,6,64.0,36,1461,256.0,3403,2,256.0,503,5,64.0,493
2024-07-24 09:36:35,485,6,64.0,36,1464,256.0,3410,2,256.0,504,5,64.0,494
2024-07-24 09:36:36,487,6,64.0,36,1467,256.0,3417,2,256.0,505,5,64.0,495
2024-07-24 09:36:37,487,6,64.0,36,1470,256.0,3424,2,256.0,506,5,64.0,496
2024-07-24 09:36:38,488,6,64.0,36,1473,256.0,3431,2,256.0,507,5,64.0,497
2024-07-24 09:36:39,489,6,64.0,36,1476,256.0,3438,2,256.0,508,5,64.0,498
2024-07-24 09:36:40,490,6,64.0,36,1479,256.0,3445,2,256.0,509,5,64.0,499
2024-07-24 09:36:41,491,6,64.0,36,1482,256.0,3452,2,256.0,510,5,64.0,500
2024-07-24 09:36:42,492,6,64.0,36,1485,256.0,3459,2,256.0,511,5,64.0,501
2024-07-24 09:36:43,493,6,64.0,36,1488,256.0,3466,2,256.0,512,5,64.0,502
2024-07-24 09:36:44,495,6,64.0,36,1491,256.0,3473,2,256.0,513,5,64.0,503
2024-07-24 09:36:45,495,6,64.0,36,1494,256.0,3480,2,256.0,514,5,64.0,504
2024-07-24 09:36:46,496,6,64.0,36,1497,256.0,3487,2,256.0,515,5,64.0,505
2024-07-24 09:36:47,497,6,64.0,36,1500,256.0,3494,2,256.0,516,5,64.0,506
2024-07-24 09:36:48,498,6,64.0,36,1503,256.0,3501,2,256.0,517,5,64.0,507
2024-07-24 09:36:49,498,6,64.0,36,1506,256.0,3508,2,256.0,518,5,64.0,508
2024-07-24 09:36:50,499,6,64.0,36,1509,256.0,3506,2,256.0,518,5,64.0,508
