subscriber_count_Connected_x,phoenix_memory_cm_max_used_chunks_per_pool_count_cm_globalP_amf,phoenix_memory_cm_max_used_chunks_per_pool_count_cm_packetP_amf,phoenix_memory_cm_max_used_chunks_per_pool_count_cm_sessionP_amf,phoenix_memory_cm_max_used_chunks_per_pool_count_cm_transactionP_amf,total_allocated_memory_globalP_amf,total_allocated_memory_packetP_amf,total_allocated_memory_sessionP_amf,total_allocated_memory_transactionP_amf,chunk_create_count_minus_destroy_count_cm_globalP_amf,chunk_create_count_minus_destroy_count_cm_packetP_amf,chunk_create_count_minus_destroy_count_cm_sessionP_amf,chunk_create_count_minus_destroy_count_cm_transactionP_amf
0.0,0.0,0.0,0.0,0.0,0.0,0.0,0.0,0.0,0.0,0.0,0.0,0.0
0.0024875621890547263,0.0,0.0,0.0,1.0,0.0,0.0,0.0,0.0,0.0,0.0010932375449008277,0.0009999999999999974,0.0010000000000000009
0.004975124378109453,0.0,0.0009310986964618257,0.0,1.0,0.0,0.0,0.0,0.0,0.0,0.002186475089801656,0.0019999999999999983,0.002
0.007462686567164179,0.0,0.002172563625077592,0.0,1.0,0.0,0.0,0.0,0.0,0.0,0.003279712634702483,0.002999999999999999,0.002999999999999999
0.009950248756218905,0.0,0.0031036623215394167,0.0,1.0,0.0,0.0,0.0,0.0,0.00684931506849315,0.004372950179603311,0.003999999999999997,0.004
0.01243781094527363,0.0,0.004345127250155184,0.0,1.0,0.0,0.0,0.0,0.0,0.00684931506849315,0.005466187724504139,0.0049999999999999975,0.005000000000000001
0.014925373134328358,0.0,0.005276225946617008,0.0,1.0,0.0,0.0,0.0,0.0,0.00684931506849315,0.006559425269404967,0.005999999999999998,0.006
0.017412935323383085,0.0,0.006517690875232775,0.0,1.0,0.0,0.0,0.0,0.0,0.00684931506849315,0.007652662814305794,0.006999999999999999,0.006999999999999999
0.01990049751243781,0.0,0.0074487895716946004,0.0,1.0,0.0,0.0,0.0,0.0,0.00684931506849315,0.008745900359206622,0.008,0.008
0.022388059701492536,0.0,0.008690254500310366,0.0,1.0,0.0,0.0,0.0,0.0,0.00684931506849315,0.00983913790410745,0.008999999999999998,0.009000000000000001
0.02487562189054726,0.0,0.009621353196772191,0.0,1.0,0.0,0.0,0.0,0.0,0.0136986301369863,0.010932375449008278,0.009999999999999998,0.010000000000000002
0.02736318407960199,0.0,0.010862818125387958,0.0,1.0,0.0,0.0,0.0,0.0,0.0136986301369863,0.012025612993909106,0.011,0.011
0.029850746268656716,0.0,0.011793916821849782,0.0,1.0,0.0,0.0,0.0,0.0,0.0136986301369863,0.013118850538809934,0.011999999999999997,0.012
0.03233830845771144,0.0,0.012725015518311606,0.0,1.0,0.0,0.0,0.0,0.0,0.0136986301369863,0.014212088083710762,0.012999999999999998,0.013000000000000001
0.03482587064676617,0.0,0.013966480446927375,0.0,1.0,0.0,0.0,0.0,0.0,0.0136986301369863,0.01530532562861159,0.013999999999999999,0.013999999999999999
0.03731343283582089,0.0,0.0148975791433892,0.0,1.0,0.0,0.0,0.0,0.0,0.02054794520547945,0.016398563173512418,0.015,0.015
0.03980099502487562,0.0,0.016139044072004963,0.0,1.0,0.0,0.0,0.0,0.0,0.02054794520547945,0.017491800718413247,0.016,0.016
0.04228855721393035,0.0,0.017070142768466794,0.0,1.0,0.0,0.0,0.0,0.0,0.02054794520547945,0.018585038263314074,0.017,0.017
0.04477611940298507,0.0,0.01831160769708256,0.0,1.0,0.0,0.0,0.0,0.0,0.02054794520547945,0.019678275808214903,0.018000000000000002,0.018000000000000002
0.0472636815920398,0.0,0.019242706393544383,0.0,1.0,0.0,0.0,0.0,0.0,0.02054794520547945,0.02077151335311573,0.018999999999999996,0.019
0.04975124378109452,0.0,0.020484171322160148,0.0,1.0,0.0,0.0,0.0,0.0,0.02054794520547945,0.02186475089801656,0.019999999999999997,0.02
0.05223880597014925,0.0,0.021725636250775913,0.0,1.0,0.0,0.0,0.0,0.0,0.0273972602739726,0.022957988442917385,0.020999999999999998,0.021
0.05472636815920398,0.0,0.022656734947237737,0.0,1.0,0.0,0.0,0.0,0.0,0.0273972602739726,0.02405122598781821,0.022,0.022
0.0572139303482587,0.0,0.02358783364369957,0.0,1.0,0.0,0.0,0.0,0.0,0.0273972602739726,0.02514446353271904,0.023,0.023
0.05970149253731343,0.0,0.024829298572315334,0.0,1.0,0.0,0.0,0.0,0.0,0.0273972602739726,0.026237701077619868,0.024,0.024
0.06218905472636816,0.0,0.025760397268777158,0.0,1.0,0.0,0.0,0.0,0.0,0.0273972602739726,0.027330938622520697,0.025,0.025
0.06467661691542288,0.0,0.027001862197392923,0.0,1.0,0.0,0.0,0.0,0.0,0.0273972602739726,0.028424176167421523,0.025999999999999995,0.026000000000000002
0.06716417910447761,0.0,0.027932960893854747,0.0,1.0,0.0,0.0,0.0,0.0,0.03424657534246578,0.029517413712322353,0.026999999999999996,0.027000000000000003
0.06965174129353234,0.0,0.029174425822470512,0.0,1.0,0.0,0.0,0.0,0.0,0.03424657534246578,0.03061065125722318,0.027999999999999997,0.028000000000000004
0.07213930348258707,0.0,0.030105524518932336,0.0,1.0,0.0,0.0,0.0,0.0,0.03424657534246578,0.031703888802124006,0.028999999999999998,0.028999999999999998
0.07462686567164178,0.0,0.03134698944754811,0.0,1.0,0.0,0.0,0.0,0.0,0.03424657534246578,0.032797126347024835,0.03,0.03
0.07711442786069651,0.0,0.03227808814400993,0.0,1.0,0.0,0.0,0.0,0.0,0.03424657534246578,0.03389036389192566,0.031,0.031
0.07960199004975124,0.0,0.0335195530726257,0.0,1.0,0.0,0.0,0.0,0.0,0.03424657534246578,0.03498360143682649,0.032,0.032
0.08208955223880597,0.007092198581560287,0.03445065176908752,0.0,1.0,0.0,0.0,0.0,0.0,0.0410958904109589,0.03607683898172732,0.033,0.033
0.0845771144278607,0.007092198581560287,0.03569211669770329,0.0,1.0,0.0,0.0,0.0,0.0,0.0410958904109589,0.03717007652662814,0.034,0.034
0.08706467661691542,0.007092198581560287,0.03662321539416511,0.0,1.0,0.0,0.0,0.0,0.0,0.0410958904109589,0.03826331407152897,0.034999999999999996,0.035
0.08955223880597014,0.007092198581560287,0.03786468032278088,0.0,1.0,0.0,0.0,0.0,0.0,0.0410958904109589,0.0393565516164298,0.036,0.036
0.09203980099502487,0.007092198581560287,0.03879577901924271,0.0,1.0,0.0,0.0,0.0,0.0,0.0410958904109589,0.04044978916133063,0.037,0.037
0.0945273631840796,0.014184397163120567,0.04003724394785847,0.0,1.0,0.0,0.0,0.0,0.0,0.047945205479452024,0.04154302670623145,0.038,0.038
0.09701492537313433,0.014184397163120567,0.040968342644320296,0.0,1.0,0.0,0.0,0.0,0.0,0.047945205479452024,0.04263626425113228,0.039,0.039
0.09950248756218905,0.014184397163120567,0.04220980757293606,0.0,1.0,0.0,0.0,0.0,0.0,0.047945205479452024,0.04372950179603311,0.04,0.04
0.10199004975124377,0.014184397163120567,0.043140906269397886,0.0,1.0,0.0,0.0,0.0,0.0,0.047945205479452024,0.04482273934093394,0.041,0.041
0.1044776119402985,0.014184397163120567,0.04438237119801366,0.0,1.0,0.0,0.0,0.0,0.0,0.047945205479452024,0.045915976885834764,0.041999999999999996,0.042
0.10696517412935323,0.014184397163120567,0.04531346989447548,0.0,1.0,0.0,0.0,0.0,0.0,0.047945205479452024,0.047009214430735594,0.043,0.043000000000000003
0.10945273631840796,0.021276595744680847,0.04655493482309125,0.0,1.0,0.0,0.0,0.0,0.0,0.0547945205479452,0.04810245197563642,0.044,0.044000000000000004
0.11194029850746269,0.021276595744680847,0.04748603351955307,0.0,1.0,0.0,0.0,0.0,0.0,0.0547945205479452,0.049195689520537246,0.045,0.045
0.1144278606965174,0.021276595744680847,0.048727498448168836,0.0,1.0,0.0,0.0,0.0,0.0,0.0547945205479452,0.050288927065438076,0.046,0.046
0.11691542288557213,0.021276595744680847,0.04965859714463066,0.0,1.0,0.0,0.0,0.0,0.0,0.0547945205479452,0.051382164610338905,0.047,0.047
0.11940298507462686,0.021276595744680847,0.050900062073246426,0.0,1.0,0.0,0.0,0.0,0.0,0.0547945205479452,0.052475402155239735,0.048,0.048
0.12189054726368159,0.021276595744680847,0.05183116076970826,0.0,1.0,0.0,0.0,0.0,0.0,0.0547945205479452,0.05356863970014056,0.049,0.049
0.12437810945273632,0.028368794326241127,0.05307262569832402,0.0,1.0,0.0,0.0,0.0,0.0,0.06164383561643838,0.05466187724504139,0.05,0.05
0.12686567164179105,0.028368794326241127,0.054003724394785846,0.0,1.0,0.0,0.0,0.0,0.0,0.06164383561643838,0.05575511478994222,0.051000000000000004,0.051000000000000004
0.12935323383084577,0.028368794326241127,0.05524518932340161,0.0,1.0,0.0,0.0,0.0,0.0,0.06164383561643838,0.05684835233484305,0.052000000000000005,0.052
0.1318407960199005,0.028368794326241127,0.056176288019863435,0.0,1.0,0.0,0.0,0.0,0.0,0.06164383561643838,0.05794158987974387,0.053000000000000005,0.053
0.13432835820895522,0.028368794326241127,0.05710738671632526,0.0,1.0,0.0,0.0,0.0,0.0,0.06164383561643838,0.0590348274246447,0.054000000000000006,0.054
0.13681592039800994,0.03546099290780142,0.05834885164494103,0.0,1.0,0.0,0.0,0.0,0.0,0.0684931506849315,0.06012806496954553,0.05499999999999999,0.055
0.13930348258706468,0.03546099290780142,0.059279950341402855,0.0,1.0,0.0,0.0,0.0,0.0,0.0684931506849315,0.06122130251444635,0.055999999999999994,0.056
0.1417910447761194,0.03546099290780142,0.06052141527001862,0.0,1.0,0.0,0.0,0.0,0.0,0.0684931506849315,0.06231454005934718,0.056999999999999995,0.057
0.14427860696517414,0.03546099290780142,0.061452513966480445,0.0,1.0,0.0,0.0,0.0,0.0,0.0684931506849315,0.06340777760424801,0.057999999999999996,0.058
0.14676616915422885,0.03546099290780142,0.06269397889509622,0.0,1.0,0.0,0.0,0.0,0.0,0.0684931506849315,0.06450101514914884,0.059,0.059000000000000004
0.14925373134328357,0.03546099290780142,0.06362507759155804,0.0,1.0,0.0,0.0,0.0,0.0,0.0684931506849315,0.06559425269404967,0.06,0.060000000000000005
0.1517412935323383,0.0425531914893617,0.0648665425201738,0.0,1.0,0.0,0.0,0.0,0.0,0.07534246575342463,0.0666874902389505,0.061,0.061000000000000006
0.15422885572139303,0.0425531914893617,0.06579764121663563,0.0,1.0,0.0,0.0,0.0,0.0,0.07534246575342463,0.06778072778385132,0.062,0.062000000000000006
0.15671641791044777,0.0425531914893617,0.0670391061452514,0.0,1.0,0.0,0.0,0.0,0.0,0.07534246575342463,0.06887396532875215,0.063,0.063
0.15920398009950248,0.0425531914893617,0.06797020484171323,0.0,1.0,0.0,0.0,0.0,0.0,0.07534246575342463,0.06996720287365298,0.064,0.064
0.1616915422885572,0.0425531914893617,0.069211669770329,0.0,1.0,0.0,0.0,0.0,0.0,0.07534246575342463,0.0710604404185538,0.065,0.065
0.16417910447761194,0.0425531914893617,0.07014276846679082,0.0,1.0,0.0,0.0,0.0,0.0,0.07534246575342463,0.07215367796345463,0.066,0.066
0.16666666666666666,0.04964539007092198,0.07138423339540659,0.0,1.0,0.0,0.0,0.0,0.0,0.0821917808219178,0.07324691550835546,0.067,0.067
0.1691542288557214,0.04964539007092198,0.07231533209186841,0.0,1.0,0.0,0.0,0.0,0.0,0.0821917808219178,0.0743401530532563,0.068,0.068
0.17164179104477612,0.04964539007092198,0.07355679702048418,0.0,1.0,0.0,0.0,0.0,0.0,0.0821917808219178,0.07543339059815711,0.069,0.069
0.17412935323383083,0.04964539007092198,0.074487895716946,0.0,1.0,0.0,0.0,0.0,0.0,0.0821917808219178,0.07652662814305794,0.06999999999999999,0.07
0.17661691542288557,0.04964539007092198,0.07572936064556177,0.0,1.0,0.0,0.0,0.0,0.0,0.0821917808219178,0.07761986568795877,0.071,0.07100000000000001
0.1791044776119403,0.04964539007092198,0.07666045934202359,0.0,1.0,0.0,0.0,0.0,0.0,0.0821917808219178,0.0787131032328596,0.072,0.07200000000000001
0.18159203980099503,0.056737588652482275,0.07790192427063936,0.0,1.0,0.0,0.0,0.0,0.0,0.08904109589041098,0.07980634077776043,0.073,0.07300000000000001
0.18407960199004975,0.056737588652482275,0.07883302296710118,0.0,1.0,0.0,0.0,0.0,0.0,0.08904109589041098,0.08089957832266126,0.074,0.07400000000000001
0.18656716417910446,0.056737588652482275,0.08007448789571694,0.0,1.0,0.0,0.0,0.0,0.0,0.08904109589041098,0.08199281586756209,0.075,0.07500000000000001
0.1890547263681592,0.056737588652482275,0.08100558659217878,0.0,1.0,0.0,0.0,0.0,0.0,0.08904109589041098,0.0830860534124629,0.076,0.07600000000000001
0.19154228855721392,0.056737588652482275,0.08224705152079455,0.0,1.0,0.0,0.0,0.0,0.0,0.08904109589041098,0.08417929095736373,0.077,0.07700000000000001
0.19402985074626866,0.06382978723404256,0.08317815021725637,0.0,1.0,0.0,0.0,0.0,0.0,0.0958904109589041,0.08527252850226456,0.078,0.07800000000000001
0.19651741293532338,0.06382978723404256,0.08441961514587214,0.0,1.0,0.0,0.0,0.0,0.0,0.0958904109589041,0.0863657660471654,0.079,0.07900000000000001
0.1990049751243781,0.06382978723404256,0.08535071384233396,0.0,1.0,0.0,0.0,0.0,0.0,0.0958904109589041,0.08745900359206622,0.08,0.07999999999999999
0.20149253731343283,0.06382978723404256,0.08628181253879579,0.0,1.0,0.0,0.0,0.0,0.0,0.0958904109589041,0.08855224113696705,0.081,0.08099999999999999
0.20398009950248755,0.06382978723404256,0.08752327746741155,0.0,1.0,0.0,0.0,0.0,0.0,0.0958904109589041,0.08964547868186788,0.082,0.08199999999999999
0.2064676616915423,0.06382978723404256,0.08845437616387337,0.0,1.0,0.0,0.0,0.0,0.0,0.0958904109589041,0.09073871622676871,0.083,0.08299999999999999
0.208955223880597,0.07092198581560283,0.08969584109248914,0.0,1.0,0.0,0.0,0.0,0.0,0.10273972602739723,0.09183195377166953,0.084,0.08399999999999999
0.21144278606965175,0.07092198581560283,0.09062693978895096,0.0,1.0,0.0,0.0,0.0,0.0,0.10273972602739723,0.09292519131657036,0.085,0.08499999999999999
0.21393034825870647,0.07092198581560283,0.09186840471756673,0.0,1.0,0.0,0.0,0.0,0.0,0.10273972602739723,0.09401842886147119,0.08600000000000001,0.086
0.21641791044776118,0.07092198581560283,0.09279950341402855,0.0,1.0,0.0,0.0,0.0,0.0,0.10273972602739723,0.09511166640637202,0.087,0.087
0.21890547263681592,0.07092198581560283,0.09404096834264433,0.0,1.0,0.0,0.0,0.0,0.0,0.10273972602739723,0.09620490395127285,0.088,0.088
0.22139303482587064,0.07092198581560283,0.09497206703910616,0.0,1.0,0.0,0.0,0.0,0.0,0.10273972602739723,0.09729814149617368,0.089,0.089
0.22388059701492538,0.07801418439716312,0.09621353196772192,0.0,1.0,0.0,0.0,0.0,0.0,0.1095890410958904,0.0983913790410745,0.09,0.09
0.2263681592039801,0.07801418439716312,0.09714463066418375,0.0,1.0,0.0,0.0,0.0,0.0,0.1095890410958904,0.09948461658597532,0.091,0.091
0.2288557213930348,0.07801418439716312,0.09838609559279951,0.0,1.0,0.0,0.0,0.0,0.0,0.1095890410958904,0.10057785413087615,0.092,0.092
0.23134328358208955,0.07801418439716312,0.09931719428926133,0.0,1.0,0.0,0.0,0.0,0.0,0.1095890410958904,0.10167109167577698,0.093,0.093
0.23383084577114427,0.07801418439716312,0.1005586592178771,0.0,1.0,0.0,0.0,0.0,0.0,0.1095890410958904,0.10276432922067781,0.094,0.094
0.236318407960199,0.07801418439716312,0.10148975791433892,0.0,1.0,0.0,0.0,0.0,0.0,0.1095890410958904,0.10385756676557864,0.095,0.095
0.23880597014925373,0.08510638297872339,0.10273122284295469,0.0,1.0,0.0,0.0,0.0,0.0,0.11643835616438358,0.10495080431047947,0.096,0.096
0.24129353233830844,0.08510638297872339,0.10366232153941651,0.0,1.0,0.0,0.0,0.0,0.0,0.11643835616438358,0.1060440418553803,0.097,0.097
0.24378109452736318,0.08510638297872339,0.10490378646803228,0.0,1.0,0.0,0.0,0.0,0.0,0.11643835616438358,0.10713727940028112,0.098,0.098
0.2462686567164179,0.08510638297872339,0.1058348851644941,0.0,1.0,0.0,0.0,0.0,0.0,0.11643835616438358,0.10823051694518195,0.099,0.099
0.24875621890547264,0.08510638297872339,0.10707635009310987,0.0,1.0,0.0,0.0,0.0,0.0,0.11643835616438358,0.10932375449008278,0.1,0.1
0.2512437810945274,0.09219858156028368,0.1080074487895717,0.0,1.0,0.0,0.0,0.0,0.0,0.1232876712328767,0.1104169920349836,0.101,0.101
0.2537313432835821,0.09219858156028368,0.10924891371818747,0.0,1.0,0.0,0.0,0.0,0.0,0.1232876712328767,0.11151022957988443,0.102,0.10200000000000001
0.2562189054726368,0.09219858156028368,0.1101800124146493,0.0,1.0,0.0,0.0,0.0,0.0,0.1232876712328767,0.11260346712478526,0.103,0.10300000000000001
0.25870646766169153,0.09219858156028368,0.11142147734326506,0.0,1.0,0.0,0.0,0.0,0.0,0.1232876712328767,0.1136967046696861,0.104,0.10400000000000001
0.26119402985074625,0.09219858156028368,0.11235257603972688,0.0,1.0,0.0,0.0,0.0,0.0,0.1232876712328767,0.11478994221458692,0.105,0.10500000000000001
0.263681592039801,0.09219858156028368,0.11359404096834265,0.0,1.0,0.0,0.0,0.0,0.0,0.1232876712328767,0.11588317975948774,0.106,0.10600000000000001
0.26616915422885573,0.09929078014184395,0.11452513966480447,0.0,1.0,0.0,0.0,0.0,0.0,0.13013698630136983,0.11697641730438857,0.107,0.10700000000000001
0.26865671641791045,0.09929078014184395,0.11576660459342024,0.0,1.0,0.0,0.0,0.0,0.0,0.13013698630136983,0.1180696548492894,0.108,0.10800000000000001
0.27114427860696516,0.09929078014184395,0.11669770328988206,0.0,1.0,0.0,0.0,0.0,0.0,0.13013698630136983,0.11916289239419023,0.109,0.10900000000000001
0.2736318407960199,0.09929078014184395,0.11762880198634389,0.0,1.0,0.0,0.0,0.0,0.0,0.13013698630136983,0.12025612993909106,0.11,0.11000000000000001
0.27611940298507465,0.09929078014184395,0.11887026691495965,0.0,1.0,0.0,0.0,0.0,0.0,0.13013698630136983,0.12134936748399189,0.111,0.11100000000000002
0.27860696517412936,0.09929078014184395,0.11980136561142149,0.0,1.0,0.0,0.0,0.0,0.0,0.13013698630136983,0.12244260502889272,0.112,0.11199999999999999
0.2810945273631841,0.10638297872340424,0.12104283054003726,0.0,1.0,0.0,0.0,0.0,0.0,0.136986301369863,0.12353584257379353,0.113,0.11299999999999999
0.2835820895522388,0.10638297872340424,0.12197392923649908,0.0,1.0,0.0,0.0,0.0,0.0,0.136986301369863,0.12462908011869438,0.114,0.11399999999999999
0.2860696517412935,0.10638297872340424,0.12321539416511484,0.0,1.0,0.0,0.0,0.0,0.0,0.136986301369863,0.1257223176635952,0.115,0.11499999999999999
0.2885572139303483,0.10638297872340424,0.12414649286157667,0.0,1.0,0.0,0.0,0.0,0.0,0.136986301369863,0.12681555520849605,0.116,0.11599999999999999
0.291044776119403,0.10638297872340424,0.12538795779019243,0.0,1.0,0.0,0.0,0.0,0.0,0.136986301369863,0.12790879275339687,0.117,0.11699999999999999
0.2935323383084577,0.11347517730496454,0.12631905648665426,0.0,1.0,0.0,0.0,0.0,0.0,0.14383561643835618,0.12900203029829768,0.11800000000000001,0.118
0.2960199004975124,0.11347517730496454,0.12756052141527002,0.0,1.0,0.0,0.0,0.0,0.0,0.14383561643835618,0.13009526784319853,0.11900000000000001,0.119
0.29850746268656714,0.11347517730496454,0.12849162011173185,0.0,1.0,0.0,0.0,0.0,0.0,0.14383561643835618,0.13118850538809934,0.12000000000000001,0.12
0.3009950248756219,0.11347517730496454,0.1297330850403476,0.0,1.0,0.0,0.0,0.0,0.0,0.14383561643835618,0.13228174293300018,0.12100000000000001,0.121
0.3034825870646766,0.11347517730496454,0.13066418373680944,0.0,1.0,0.0,0.0,0.0,0.0,0.14383561643835618,0.133374980477901,0.12200000000000001,0.122
0.30597014925373134,0.11347517730496454,0.1319056486654252,0.0,1.0,0.0,0.0,0.0,0.0,0.14383561643835618,0.13446821802280184,0.12300000000000001,0.123
0.30845771144278605,0.1205673758865248,0.13283674736188703,0.0,1.0,0.0,0.0,0.0,0.0,0.1506849315068493,0.13556145556770266,0.12400000000000001,0.124
0.31094527363184077,0.1205673758865248,0.1340782122905028,0.0,1.0,0.0,0.0,0.0,0.0,0.1506849315068493,0.13665469311260348,0.125,0.125
0.31343283582089554,0.1205673758865248,0.13500931098696461,0.0,1.0,0.0,0.0,0.0,0.0,0.1506849315068493,0.13774793065750432,0.126,0.126
0.31592039800995025,0.1205673758865248,0.13625077591558038,0.0,1.0,0.0,0.0,0.0,0.0,0.1506849315068493,0.13884116820240514,0.127,0.127
0.31840796019900497,0.1205673758865248,0.1371818746120422,0.0,1.0,0.0,0.0,0.0,0.0,0.1506849315068493,0.13993440574730598,0.128,0.128
0.3208955223880597,0.1205673758865248,0.13842333954065797,0.0,1.0,0.0,0.0,0.0,0.0,0.1506849315068493,0.1410276432922068,0.129,0.129
0.3233830845771144,0.1276595744680851,0.1393544382371198,0.0,1.0,0.0,0.0,0.0,0.0,0.15753424657534243,0.14212088083710764,0.13,0.13
0.32587064676616917,0.1276595744680851,0.1405959031657356,0.0,1.0,0.0,0.0,0.0,0.0,0.15753424657534243,0.14321411838200845,0.131,0.131
0.3283582089552239,0.1276595744680851,0.1415270018621974,0.0,1.0,0.0,0.0,0.0,0.0,0.15753424657534243,0.14430735592690927,0.132,0.132
0.3308457711442786,0.1276595744680851,0.14276846679081318,0.0,1.0,0.0,0.0,0.0,0.0,0.15753424657534243,0.1454005934718101,0.133,0.133
0.3333333333333333,0.1276595744680851,0.143699565487275,0.0,1.0,0.0,0.0,0.0,0.0,0.15753424657534243,0.14649383101671093,0.134,0.134
0.33582089552238803,0.1276595744680851,0.14494103041589076,0.0,1.0,0.0,0.0,0.0,0.0,0.15753424657534243,0.14758706856161177,0.135,0.135
0.3383084577114428,0.1347517730496454,0.1458721291123526,0.0,1.0,0.0,0.0,0.0,0.0,0.1643835616438356,0.1486803061065126,0.136,0.136
0.3407960199004975,0.1347517730496454,0.1468032278088144,0.0,1.0,0.0,0.0,0.0,0.0,0.1643835616438356,0.14977354365141343,0.137,0.13699999999999998
0.34328358208955223,0.1347517730496454,0.14804469273743018,0.0,1.0,0.0,0.0,0.0,0.0,0.1643835616438356,0.15086678119631425,0.138,0.13799999999999998
0.34577114427860695,0.1347517730496454,0.148975791433892,0.0,1.0,0.0,0.0,0.0,0.0,0.1643835616438356,0.15196001874121506,0.139,0.13899999999999998
0.34825870646766166,0.1347517730496454,0.15021725636250777,0.0,1.0,0.0,0.0,0.0,0.0,0.1643835616438356,0.1530532562861159,0.14,0.13999999999999999
0.35074626865671643,0.14184397163120566,0.1511483550589696,0.0,1.0,0.0,0.0,0.0,0.0,0.17123287671232879,0.15414649383101672,0.14100000000000001,0.141
0.35323383084577115,0.14184397163120566,0.15238981998758536,0.0,1.0,0.0,0.0,0.0,0.0,0.17123287671232879,0.15523973137591757,0.14200000000000002,0.142
0.35572139303482586,0.14184397163120566,0.15332091868404718,0.0,1.0,0.0,0.0,0.0,0.0,0.17123287671232879,0.15633296892081838,0.14300000000000002,0.143
0.3582089552238806,0.14184397163120566,0.15456238361266295,0.0,1.0,0.0,0.0,0.0,0.0,0.17123287671232879,0.15742620646571923,0.14400000000000002,0.144
0.3606965174129353,0.14184397163120566,0.15549348230912477,0.0,1.0,0.0,0.0,0.0,0.0,0.17123287671232879,0.15851944401062004,0.14500000000000002,0.145
0.36318407960199006,0.14184397163120566,0.15673494723774054,0.0,1.0,0.0,0.0,0.0,0.0,0.17123287671232879,0.15961268155552086,0.14600000000000002,0.146
0.3656716417910448,0.14893617021276595,0.15766604593420236,0.0,1.0,0.0,0.0,0.0,0.0,0.1780821917808219,0.1607059191004217,0.14700000000000002,0.147
0.3681592039800995,0.14893617021276595,0.15890751086281812,0.0,1.0,0.0,0.0,0.0,0.0,0.1780821917808219,0.16179915664532252,0.14800000000000002,0.148
0.3706467661691542,0.14893617021276595,0.15983860955927995,0.0,1.0,0.0,0.0,0.0,0.0,0.1780821917808219,0.16289239419022336,0.14900000000000002,0.149
0.3731343283582089,0.14893617021276595,0.1610800744878957,0.0,1.0,0.0,0.0,0.0,0.0,0.1780821917808219,0.16398563173512418,0.15000000000000002,0.15
0.3756218905472637,0.14893617021276595,0.16201117318435754,0.0,1.0,0.0,0.0,0.0,0.0,0.1780821917808219,0.16507886928002502,0.15100000000000002,0.151
0.3781094527363184,0.14893617021276595,0.1632526381129733,0.0,1.0,0.0,0.0,0.0,0.0,0.1780821917808219,0.16617210682492584,0.15200000000000002,0.152
0.3805970149253731,0.15602836879432624,0.16418373680943513,0.0,1.0,0.0,0.0,0.0,0.0,0.18493150684931503,0.16726534436982665,0.15300000000000002,0.153
0.38308457711442784,0.15602836879432624,0.1654252017380509,0.0,1.0,0.0,0.0,0.0,0.0,0.18493150684931503,0.1683585819147275,0.15400000000000003,0.154
0.38557213930348255,0.15602836879432624,0.16635630043451272,0.0,1.0,0.0,0.0,0.0,0.0,0.18493150684931503,0.1694518194596283,0.15500000000000003,0.155
0.3880597014925373,0.15602836879432624,0.1675977653631285,0.0,1.0,0.0,0.0,0.0,0.0,0.18493150684931503,0.17054505700452915,0.15600000000000003,0.156
0.39054726368159204,0.15602836879432624,0.16852886405959033,0.0,1.0,0.0,0.0,0.0,0.0,0.18493150684931503,0.17163829454942997,0.15700000000000003,0.157
0.39303482587064675,0.15602836879432624,0.1697703289882061,0.0,1.0,0.0,0.0,0.0,0.0,0.18493150684931503,0.17273153209433081,0.15799999999999997,0.158
0.39552238805970147,0.1631205673758865,0.17070142768466792,0.0,1.0,0.0,0.0,0.0,0.0,0.1917808219178082,0.17382476963923163,0.15899999999999997,0.159
0.3980099502487562,0.1631205673758865,0.1719428926132837,0.0,1.0,0.0,0.0,0.0,0.0,0.1917808219178082,0.17491800718413245,0.15999999999999998,0.16
0.40049751243781095,0.1631205673758865,0.1728739913097455,0.0,1.0,0.0,0.0,0.0,0.0,0.1917808219178082,0.1760112447290333,0.16099999999999998,0.161
0.40298507462686567,0.1631205673758865,0.17411545623836128,0.0,1.0,0.0,0.0,0.0,0.0,0.1917808219178082,0.1771044822739341,0.16199999999999998,0.162
0.4054726368159204,0.1631205673758865,0.1750465549348231,0.0,1.0,0.0,0.0,0.0,0.0,0.1917808219178082,0.17819771981883495,0.16299999999999998,0.163
0.4079601990049751,0.1702127659574468,0.17628801986343887,0.0,1.0,0.0,0.0,0.0,0.0,0.1986301369863014,0.17929095736373576,0.16399999999999998,0.164
0.41044776119402987,0.1702127659574468,0.1772191185599007,0.0,1.0,0.0,0.0,0.0,0.0,0.1986301369863014,0.1803841949086366,0.16499999999999998,0.165
0.4129353233830846,0.1702127659574468,0.17846058348851646,0.0,1.0,0.0,0.0,0.0,0.0,0.1986301369863014,0.18147743245353742,0.16599999999999998,0.166
0.4154228855721393,0.1702127659574468,0.17939168218497828,0.0,1.0,0.0,0.0,0.0,0.0,0.1986301369863014,0.18257066999843827,0.16699999999999998,0.167
0.417910447761194,0.1702127659574468,0.1803227808814401,0.0,1.0,0.0,0.0,0.0,0.0,0.1986301369863014,0.18366390754333908,0.16799999999999998,0.16799999999999998
0.42039800995024873,0.1702127659574468,0.18156424581005587,0.0,1.0,0.0,0.0,0.0,0.0,0.1986301369863014,0.1847571450882399,0.16899999999999998,0.16899999999999998
0.4228855721393035,0.17730496453900707,0.1824953445065177,0.0,1.0,0.0,0.0,0.0,0.0,0.2054794520547945,0.18585038263314074,0.16999999999999998,0.16999999999999998
0.4253731343283582,0.17730496453900707,0.18373680943513346,0.0,1.0,0.0,0.0,0.0,0.0,0.2054794520547945,0.18694362017804156,0.17099999999999999,0.17099999999999999
0.42786069651741293,0.17730496453900707,0.18466790813159528,0.0,1.0,0.0,0.0,0.0,0.0,0.2054794520547945,0.1880368577229424,0.172,0.172
0.43034825870646765,0.17730496453900707,0.18590937306021105,0.0,1.0,0.0,0.0,0.0,0.0,0.2054794520547945,0.18913009526784322,0.173,0.173
0.43283582089552236,0.17730496453900707,0.18684047175667287,0.0,1.0,0.0,0.0,0.0,0.0,0.2054794520547945,0.19022333281274406,0.174,0.174
0.43532338308457713,0.17730496453900707,0.18808193668528864,0.0,1.0,0.0,0.0,0.0,0.0,0.2054794520547945,0.19131657035764488,0.175,0.175
0.43781094527363185,0.18439716312056736,0.18901303538175046,0.0,1.0,0.0,0.0,0.0,0.0,0.21232876712328763,0.1924098079025457,0.176,0.176
0.44029850746268656,0.18439716312056736,0.19025450031036623,0.0,1.0,0.0,0.0,0.0,0.0,0.21232876712328763,0.19350304544744654,0.177,0.177
0.4427860696517413,0.18439716312056736,0.19118559900682805,0.0,1.0,0.0,0.0,0.0,0.0,0.21232876712328763,0.19459628299234735,0.178,0.178
0.445273631840796,0.18439716312056736,0.19242706393544382,0.0,1.0,0.0,0.0,0.0,0.0,0.21232876712328763,0.1956895205372482,0.179,0.179
0.44776119402985076,0.18439716312056736,0.19335816263190567,0.0,1.0,0.0,0.0,0.0,0.0,0.21232876712328763,0.196782758082149,0.18,0.18
0.4502487562189055,0.19148936170212766,0.19459962756052143,0.0,1.0,0.0,0.0,0.0,0.0,0.2191780821917808,0.19787599562704986,0.181,0.181
0.4527363184079602,0.19148936170212766,0.19553072625698326,0.0,1.0,0.0,0.0,0.0,0.0,0.2191780821917808,0.19896923317195067,0.182,0.182
0.4552238805970149,0.19148936170212766,0.19677219118559902,0.0,1.0,0.0,0.0,0.0,0.0,0.2191780821917808,0.2000624707168515,0.183,0.183
0.4577114427860696,0.19148936170212766,0.19770328988206085,0.0,1.0,0.0,0.0,0.0,0.0,0.2191780821917808,0.20115570826175233,0.184,0.184
0.4601990049751244,0.19148936170212766,0.1989447548106766,0.0,1.0,0.0,0.0,0.0,0.0,0.2191780821917808,0.20224894580665315,0.185,0.185
0.4626865671641791,0.19148936170212766,0.19987585350713843,0.0,1.0,0.0,0.0,0.0,0.0,0.2191780821917808,0.203342183351554,0.186,0.186
0.4651741293532338,0.19858156028368792,0.2011173184357542,0.0,1.0,0.0,0.0,0.0,0.0,0.226027397260274,0.2044354208964548,0.187,0.187
0.46766169154228854,0.19858156028368792,0.20204841713221602,0.0,1.0,0.0,0.0,0.0,0.0,0.226027397260274,0.20552865844135565,0.188,0.188
0.47014925373134325,0.19858156028368792,0.2032898820608318,0.0,1.0,0.0,0.0,0.0,0.0,0.226027397260274,0.20662189598625647,0.189,0.189
0.472636815920398,0.19858156028368792,0.2042209807572936,0.0,1.0,0.0,0.0,0.0,0.0,0.226027397260274,0.20771513353115728,0.19,0.19
0.47512437810945274,0.19858156028368792,0.20546244568590938,0.0,1.0,0.0,0.0,0.0,0.0,0.226027397260274,0.20880837107605812,0.191,0.191
0.47761194029850745,0.19858156028368792,0.2063935443823712,0.0,1.0,0.0,0.0,0.0,0.0,0.226027397260274,0.20990160862095894,0.192,0.192
0.48009950248756217,0.20567375886524822,0.20763500931098697,0.0,1.0,0.0,0.0,0.0,0.0,0.2328767123287671,0.21099484616585978,0.193,0.193
0.4825870646766169,0.20567375886524822,0.2085661080074488,0.0,1.0,0.0,0.0,0.0,0.0,0.2328767123287671,0.2120880837107606,0.194,0.194
0.48507462686567165,0.20567375886524822,0.20949720670391062,0.0,1.0,0.0,0.0,0.0,0.0,0.2328767123287671,0.21318132125566144,0.195,0.195
0.48756218905472637,0.20567375886524822,0.21073867163252638,0.0,1.0,0.0,0.0,0.0,0.0,0.2328767123287671,0.21427455880056226,0.196,0.196
0.4900497512437811,0.20567375886524822,0.2116697703289882,0.0,1.0,0.0,0.0,0.0,0.0,0.2328767123287671,0.21536779634546308,0.197,0.197
0.4925373134328358,0.20567375886524822,0.21291123525760397,0.0,1.0,0.0,0.0,0.0,0.0,0.2328767123287671,0.21646103389036392,0.198,0.198
0.4950248756218905,0.21276595744680848,0.2138423339540658,0.0,1.0,0.0,0.0,0.0,0.0,0.23972602739726023,0.21755427143526473,0.199,0.199
0.4975124378109453,0.21276595744680848,0.21663563004345127,0.0,1.0,0.0,0.0,0.0,0.0,0.23972602739726023,0.21864750898016558,0.2,0.2
0.5,0.21276595744680848,0.2175667287399131,0.0,1.0,0.0,0.0,0.0,0.0,0.23972602739726023,0.2197407465250664,0.201,0.20099999999999998
0.5024875621890548,0.21276595744680848,0.21880819366852886,0.0,1.0,0.0,0.0,0.0,0.0,0.23972602739726023,0.22083398406996724,0.202,0.20199999999999999
0.5049751243781094,0.21276595744680848,0.21973929236499068,0.0,1.0,0.0,0.0,0.0,0.0,0.23972602739726023,0.22192722161486805,0.203,0.20299999999999999
0.5074626865671642,0.21985815602836878,0.22098075729360647,0.0,1.0,0.0,0.0,0.0,0.0,0.2465753424657534,0.22302045915976887,0.20400000000000001,0.204
0.5099502487562189,0.21985815602836878,0.2219118559900683,0.0,1.0,0.0,0.0,0.0,0.0,0.2465753424657534,0.2241136967046697,0.20500000000000002,0.205
0.5124378109452736,0.21985815602836878,0.22315332091868406,0.0,1.0,0.0,0.0,0.0,0.0,0.2465753424657534,0.22520693424957053,0.20600000000000002,0.206
0.5149253731343284,0.21985815602836878,0.22408441961514589,0.0,1.0,0.0,0.0,0.0,0.0,0.2465753424657534,0.22630017179447137,0.20700000000000002,0.207
0.5174129353233831,0.21985815602836878,0.22532588454376165,0.0,1.0,0.0,0.0,0.0,0.0,0.2465753424657534,0.2273934093393722,0.20800000000000002,0.208
0.5199004975124378,0.21985815602836878,0.22625698324022347,0.0,1.0,0.0,0.0,0.0,0.0,0.2465753424657534,0.22848664688427303,0.20900000000000002,0.209
0.5223880597014925,0.22695035460992907,0.22749844816883924,0.0,1.0,0.0,0.0,0.0,0.0,0.2534246575342466,0.22957988442917385,0.21000000000000002,0.21
0.5248756218905473,0.22695035460992907,0.22842954686530106,0.0,1.0,0.0,0.0,0.0,0.0,0.2534246575342466,0.2306731219740747,0.21100000000000002,0.211
0.527363184079602,0.22695035460992907,0.22967101179391683,0.0,1.0,0.0,0.0,0.0,0.0,0.2534246575342466,0.2317663595189755,0.21200000000000002,0.212
0.5298507462686567,0.22695035460992907,0.23060211049037865,0.0,1.0,0.0,0.0,0.0,0.0,0.2534246575342466,0.23285959706387632,0.21300000000000002,0.213
0.5323383084577115,0.22695035460992907,0.23184357541899442,0.0,1.0,0.0,0.0,0.0,0.0,0.2534246575342466,0.23395283460877717,0.21400000000000002,0.214
0.5348258706467661,0.22695035460992907,0.23277467411545624,0.0,1.0,0.0,0.0,0.0,0.0,0.2534246575342466,0.23504607215367798,0.21500000000000002,0.215
0.5373134328358209,0.23404255319148937,0.234016139044072,0.0,1.0,0.0,0.0,0.0,0.0,0.2602739726027397,0.23613930969857883,0.21600000000000003,0.216
0.5398009950248757,0.23404255319148937,0.23494723774053383,0.0,1.0,0.0,0.0,0.0,0.0,0.2602739726027397,0.23723254724347964,0.21700000000000003,0.217
0.5422885572139303,0.23404255319148937,0.2361887026691496,0.0,1.0,0.0,0.0,0.0,0.0,0.2602739726027397,0.23832578478838048,0.21800000000000003,0.218
0.5447761194029851,0.23404255319148937,0.23711980136561142,0.0,1.0,0.0,0.0,0.0,0.0,0.2602739726027397,0.2394190223332813,0.21900000000000003,0.219
0.5472636815920398,0.23404255319148937,0.2383612662942272,0.0,1.0,0.0,0.0,0.0,0.0,0.2602739726027397,0.24051225987818212,0.22000000000000003,0.22
0.5497512437810945,0.23404255319148937,0.239292364990689,0.0,1.0,0.0,0.0,0.0,0.0,0.2602739726027397,0.24160549742308296,0.22100000000000003,0.221
0.5522388059701493,0.2411347517730496,0.24053382991930478,0.0,1.0,0.0,0.0,0.0,0.0,0.26712328767123283,0.24269873496798378,0.22199999999999998,0.222
0.554726368159204,0.2411347517730496,0.2414649286157666,0.0,1.0,0.0,0.0,0.0,0.0,0.26712328767123283,0.24379197251288462,0.22299999999999998,0.223
0.5572139303482587,0.2411347517730496,0.24270639354438237,0.0,1.0,0.0,0.0,0.0,0.0,0.26712328767123283,0.24488521005778544,0.22399999999999998,0.224
0.5597014925373134,0.2411347517730496,0.2436374922408442,0.0,1.0,0.0,0.0,0.0,0.0,0.26712328767123283,0.24597844760268628,0.22499999999999998,0.225
0.5621890547263682,0.2411347517730496,0.24487895716945998,0.0,1.0,0.0,0.0,0.0,0.0,0.26712328767123283,0.2470716851475871,0.22599999999999998,0.226
0.5646766169154229,0.2482269503546099,0.24581005586592178,0.0,1.0,0.0,0.0,0.0,0.0,0.273972602739726,0.2481649226924879,0.22699999999999998,0.227
0.5671641791044776,0.2482269503546099,0.24705152079453754,0.0,1.0,0.0,0.0,0.0,0.0,0.273972602739726,0.24925816023738873,0.22799999999999998,0.228
0.5696517412935324,0.2482269503546099,0.2479826194909994,0.0,1.0,0.0,0.0,0.0,0.0,0.273972602739726,0.2503513977822896,0.22899999999999998,0.229
0.572139303482587,0.2482269503546099,0.24922408441961516,0.0,1.0,0.0,0.0,0.0,0.0,0.273972602739726,0.2514446353271904,0.22999999999999998,0.23
0.5746268656716418,0.2482269503546099,0.25015518311607693,0.0,1.0,0.0,0.0,0.0,0.0,0.273972602739726,0.25253787287209123,0.23099999999999998,0.231
0.5771144278606966,0.2482269503546099,0.2513966480446927,0.0,1.0,0.0,0.0,0.0,0.0,0.273972602739726,0.25363111041699204,0.23199999999999998,0.23199999999999998
0.5796019900497512,0.2553191489361702,0.25232774674115455,0.0,1.0,0.0,0.0,0.0,0.0,0.2808219178082192,0.2547243479618929,0.23299999999999998,0.23299999999999998
0.582089552238806,0.2553191489361702,0.2535692116697703,0.0,1.0,0.0,0.0,0.0,0.0,0.2808219178082192,0.25581758550679373,0.23399999999999999,0.23399999999999999
0.5845771144278606,0.2553191489361702,0.2545003103662321,0.0,1.0,0.0,0.0,0.0,0.0,0.2808219178082192,0.25691082305169455,0.235,0.235
0.5870646766169154,0.2553191489361702,0.2557417752948479,0.0,1.0,0.0,0.0,0.0,0.0,0.2808219178082192,0.25800406059659536,0.236,0.236
0.5895522388059702,0.2553191489361702,0.2566728739913097,0.0,1.0,0.0,0.0,0.0,0.0,0.2808219178082192,0.2590972981414962,0.237,0.237
0.5920398009950248,0.2553191489361702,0.2579143389199255,0.0,1.0,0.0,0.0,0.0,0.0,0.2808219178082192,0.26019053568639705,0.238,0.238
0.5945273631840796,0.2624113475177305,0.2588454376163873,0.0,1.0,0.0,0.0,0.0,0.0,0.28767123287671237,0.26128377323129787,0.239,0.239
0.5970149253731343,0.2624113475177305,0.2600869025450031,0.0,1.0,0.0,0.0,0.0,0.0,0.28767123287671237,0.2623770107761987,0.24,0.24
0.599502487562189,0.2624113475177305,0.2610180012414649,0.0,1.0,0.0,0.0,0.0,0.0,0.28767123287671237,0.2634702483210995,0.241,0.241
0.6019900497512438,0.2624113475177305,0.26225946617008067,0.0,1.0,0.0,0.0,0.0,0.0,0.28767123287671237,0.2645634858660003,0.242,0.242
0.6044776119402985,0.2624113475177305,0.2631905648665425,0.0,1.0,0.0,0.0,0.0,0.0,0.28767123287671237,0.2656567234109012,0.243,0.243
0.6069651741293532,0.2695035460992908,0.2644320297951583,0.0,1.0,0.0,0.0,0.0,0.0,0.29452054794520544,0.266749960955802,0.244,0.244
0.6094527363184079,0.2695035460992908,0.2653631284916201,0.0,1.0,0.0,0.0,0.0,0.0,0.29452054794520544,0.2678431985007028,0.245,0.245
0.6119402985074627,0.2695035460992908,0.26660459342023585,0.0,1.0,0.0,0.0,0.0,0.0,0.29452054794520544,0.26893643604560363,0.246,0.246
0.6144278606965174,0.2695035460992908,0.2675356921166977,0.0,1.0,0.0,0.0,0.0,0.0,0.29452054794520544,0.2700296735905045,0.247,0.247
0.6169154228855721,0.2695035460992908,0.26877715704531346,0.0,1.0,0.0,0.0,0.0,0.0,0.29452054794520544,0.2711229111354053,0.248,0.248
0.6194029850746269,0.2695035460992908,0.26970825574177526,0.0,1.0,0.0,0.0,0.0,0.0,0.29452054794520544,0.27221614868030614,0.249,0.249
0.6218905472636815,0.2765957446808511,0.270949720670391,0.0,1.0,0.0,0.0,0.0,0.0,0.3013698630136986,0.27330938622520695,0.25,0.25
0.6243781094527363,0.2765957446808511,0.2718808193668529,0.0,1.0,0.0,0.0,0.0,0.0,0.3013698630136986,0.27440262377010777,0.251,0.251
0.6268656716417911,0.2765957446808511,0.27312228429546864,0.0,1.0,0.0,0.0,0.0,0.0,0.3013698630136986,0.27549586131500864,0.252,0.252
0.6293532338308457,0.2765957446808511,0.2743637492240844,0.0,1.0,0.0,0.0,0.0,0.0,0.3013698630136986,0.27658909885990945,0.253,0.253
0.6318407960199005,0.2765957446808511,0.2752948479205462,0.0,1.0,0.0,0.0,0.0,0.0,0.3013698630136986,0.27768233640481027,0.254,0.254
0.6343283582089552,0.2765957446808511,0.27622594661700806,0.0,1.0,0.0,0.0,0.0,0.0,0.3013698630136986,0.2787755739497111,0.255,0.255
0.6368159203980099,0.2836879432624113,0.2774674115456238,0.0,1.0,0.0,0.0,0.0,0.0,0.3082191780821918,0.2798688114946119,0.256,0.256
0.6393034825870647,0.2836879432624113,0.2783985102420856,0.0,1.0,0.0,0.0,0.0,0.0,0.3082191780821918,0.2809620490395128,0.257,0.257
0.6417910447761194,0.2836879432624113,0.2796399751707014,0.0,1.0,0.0,0.0,0.0,0.0,0.3082191780821918,0.2820552865844136,0.258,0.258
0.6442786069651741,0.2836879432624113,0.28088144009931715,0.0,1.0,0.0,0.0,0.0,0.0,0.3082191780821918,0.2831485241293144,0.259,0.259
0.6467661691542288,0.2836879432624113,0.281812538795779,0.0,1.0,0.0,0.0,0.0,0.0,0.3082191780821918,0.2842417616742152,0.26,0.26
0.6492537313432836,0.2836879432624113,0.28305400372439476,0.0,1.0,0.0,0.0,0.0,0.0,0.3082191780821918,0.2853349992191161,0.261,0.261
0.6517412935323383,0.2907801418439716,0.28398510242085656,0.0,1.0,0.0,0.0,0.0,0.0,0.31506849315068486,0.2864282367640169,0.262,0.262
0.654228855721393,0.2907801418439716,0.2852265673494723,0.0,1.0,0.0,0.0,0.0,0.0,0.31506849315068486,0.2875214743089177,0.263,0.263
0.6567164179104478,0.2907801418439716,0.2861576660459342,0.0,1.0,0.0,0.0,0.0,0.0,0.31506849315068486,0.28861471185381854,0.264,0.264
0.6592039800995024,0.2907801418439716,0.28739913097454994,0.0,1.0,0.0,0.0,0.0,0.0,0.31506849315068486,0.28970794939871936,0.265,0.265
0.6616915422885572,0.2907801418439716,0.2883302296710118,0.0,1.0,0.0,0.0,0.0,0.0,0.31506849315068486,0.2908011869436202,0.266,0.266
0.664179104477612,0.2978723404255319,0.28957169459962756,0.0,1.0,0.0,0.0,0.0,0.0,0.32191780821917804,0.29189442448852104,0.267,0.267
0.6666666666666666,0.2978723404255319,0.29050279329608936,0.0,1.0,0.0,0.0,0.0,0.0,0.32191780821917804,0.29298766203342186,0.268,0.268
0.6691542288557214,0.2978723404255319,0.2917442582247051,0.0,1.0,0.0,0.0,0.0,0.0,0.32191780821917804,0.2940808995783227,0.269,0.269
0.6716417910447761,0.2978723404255319,0.292675356921167,0.0,1.0,0.0,0.0,0.0,0.0,0.32191780821917804,0.2951741371232235,0.27,0.27
0.6741293532338308,0.2978723404255319,0.29391682184978274,0.0,1.0,0.0,0.0,0.0,0.0,0.32191780821917804,0.29626737466812436,0.27099999999999996,0.271
0.6766169154228856,0.2978723404255319,0.29484792054624454,0.0,1.0,0.0,0.0,0.0,0.0,0.32191780821917804,0.2973606122130252,0.27199999999999996,0.272
0.6791044776119403,0.3049645390070922,0.2960893854748603,0.0,1.0,0.0,0.0,0.0,0.0,0.3287671232876712,0.298453849757926,0.27299999999999996,0.273
0.681592039800995,0.3049645390070922,0.29702048417132215,0.0,1.0,0.0,0.0,0.0,0.0,0.3287671232876712,0.2995470873028268,0.27399999999999997,0.274
0.6840796019900497,0.3049645390070922,0.2982619490999379,0.0,1.0,0.0,0.0,0.0,0.0,0.3287671232876712,0.3006403248477277,0.27499999999999997,0.275
0.6865671641791045,0.3049645390070922,0.2991930477963997,0.0,1.0,0.0,0.0,0.0,0.0,0.3287671232876712,0.3017335623926285,0.27599999999999997,0.276
0.6890547263681592,0.3049645390070922,0.3004345127250155,0.0,1.0,0.0,0.0,0.0,0.0,0.3287671232876712,0.3028267999375293,0.27699999999999997,0.277
0.6915422885572139,0.3049645390070922,0.30136561142147733,0.0,1.0,0.0,0.0,0.0,0.0,0.3287671232876712,0.3039200374824301,0.27799999999999997,0.278
0.6940298507462687,0.3120567375886525,0.3026070763500931,0.0,1.0,0.0,0.0,0.0,0.0,0.3356164383561644,0.30501327502733094,0.27899999999999997,0.279
0.6965174129353233,0.3120567375886525,0.3035381750465549,0.0,1.0,0.0,0.0,0.0,0.0,0.3356164383561644,0.3061065125722318,0.27999999999999997,0.28
0.6990049751243781,0.3120567375886525,0.30477963997517066,0.0,1.0,0.0,0.0,0.0,0.0,0.3356164383561644,0.30719975011713263,0.28099999999999997,0.28099999999999997
0.7014925373134329,0.3120567375886525,0.3057107386716325,0.0,1.0,0.0,0.0,0.0,0.0,0.3356164383561644,0.30829298766203345,0.282,0.282
0.7039800995024875,0.3120567375886525,0.3069522036002483,0.0,1.0,0.0,0.0,0.0,0.0,0.3356164383561644,0.30938622520693426,0.283,0.283
0.7064676616915423,0.3120567375886525,0.30788330229671007,0.0,1.0,0.0,0.0,0.0,0.0,0.3356164383561644,0.31047946275183513,0.284,0.284
0.708955223880597,0.3191489361702127,0.30912476722532584,0.0,1.0,0.0,0.0,0.0,0.0,0.34246575342465757,0.31157270029673595,0.285,0.285
0.7114427860696517,0.3191489361702127,0.3100558659217877,0.0,1.0,0.0,0.0,0.0,0.0,0.34246575342465757,0.31266593784163677,0.286,0.286
0.7139303482587065,0.3191489361702127,0.31129733085040345,0.0,1.0,0.0,0.0,0.0,0.0,0.34246575342465757,0.3137591753865376,0.287,0.287
0.7164179104477612,0.3191489361702127,0.31222842954686525,0.0,1.0,0.0,0.0,0.0,0.0,0.34246575342465757,0.3148524129314384,0.288,0.288
0.7189054726368159,0.3191489361702127,0.31346989447548107,0.0,1.0,0.0,0.0,0.0,0.0,0.34246575342465757,0.31594565047633927,0.289,0.289
0.7213930348258706,0.326241134751773,0.31440099317194287,0.0,1.0,0.0,0.0,0.0,0.0,0.34931506849315064,0.3170388880212401,0.29,0.29
0.7238805970149254,0.326241134751773,0.31564245810055863,0.0,1.0,0.0,0.0,0.0,0.0,0.34931506849315064,0.3181321255661409,0.291,0.291
0.7263681592039801,0.326241134751773,0.3165735567970205,0.0,1.0,0.0,0.0,0.0,0.0,0.34931506849315064,0.3192253631110417,0.292,0.292
0.7288557213930348,0.326241134751773,0.31781502172563625,0.0,1.0,0.0,0.0,0.0,0.0,0.34931506849315064,0.32031860065594253,0.293,0.293
0.7313432835820896,0.326241134751773,0.31874612042209804,0.0,1.0,0.0,0.0,0.0,0.0,0.34931506849315064,0.3214118382008434,0.294,0.294
0.7338308457711442,0.326241134751773,0.3199875853507138,0.0,1.0,0.0,0.0,0.0,0.0,0.34931506849315064,0.3225050757457442,0.295,0.295
0.736318407960199,0.3333333333333333,0.32091868404717566,0.0,1.0,0.0,0.0,0.0,0.0,0.3561643835616438,0.32359831329064503,0.296,0.296
0.7388059701492538,0.3333333333333333,0.3221601489757914,0.0,1.0,0.0,0.0,0.0,0.0,0.3561643835616438,0.32469155083554585,0.297,0.297
0.7412935323383084,0.3333333333333333,0.3230912476722532,0.0,1.0,0.0,0.0,0.0,0.0,0.3561643835616438,0.3257847883804467,0.298,0.298
0.7437810945273632,0.3333333333333333,0.324332712600869,0.0,1.0,0.0,0.0,0.0,0.0,0.3561643835616438,0.32687802592534754,0.299,0.299
0.7462686567164178,0.3333333333333333,0.32526381129733084,0.0,1.0,0.0,0.0,0.0,0.0,0.3561643835616438,0.32797126347024835,0.3,0.3
0.7487562189054726,0.3333333333333333,0.3265052762259466,0.0,1.0,0.0,0.0,0.0,0.0,0.3561643835616438,0.32906450101514917,0.301,0.301
0.7512437810945274,0.3404255319148936,0.3274363749224084,0.0,1.0,0.0,0.0,0.0,0.0,0.363013698630137,0.33015773856005,0.302,0.302
0.753731343283582,0.3404255319148936,0.32867783985102417,0.0,1.0,0.0,0.0,0.0,0.0,0.363013698630137,0.33125097610495086,0.303,0.303
0.7562189054726368,0.3404255319148936,0.329608938547486,0.0,1.0,0.0,0.0,0.0,0.0,0.363013698630137,0.33234421364985167,0.304,0.304
0.7587064676616915,0.3404255319148936,0.3308504034761018,0.0,1.0,0.0,0.0,0.0,0.0,0.363013698630137,0.3334374511947525,0.305,0.305
0.7611940298507462,0.3404255319148936,0.3317815021725636,0.0,1.0,0.0,0.0,0.0,0.0,0.363013698630137,0.3345306887396533,0.306,0.306
0.763681592039801,0.3475177304964539,0.33302296710117935,0.0,1.0,0.0,0.0,0.0,0.0,0.36986301369863006,0.3356239262845541,0.307,0.307
0.7661691542288557,0.3475177304964539,0.3339540657976412,0.0,1.0,0.0,0.0,0.0,0.0,0.36986301369863006,0.336717163829455,0.308,0.308
0.7686567164179104,0.3475177304964539,0.33519553072625696,0.0,1.0,0.0,0.0,0.0,0.0,0.36986301369863006,0.3378104013743558,0.309,0.309
0.7711442786069651,0.3475177304964539,0.33612662942271876,0.0,1.0,0.0,0.0,0.0,0.0,0.36986301369863006,0.3389036389192566,0.31,0.31
0.7736318407960199,0.3475177304964539,0.3373680943513345,0.0,1.0,0.0,0.0,0.0,0.0,0.36986301369863006,0.33999687646415744,0.311,0.311
0.7761194029850746,0.3475177304964539,0.3382991930477964,0.0,1.0,0.0,0.0,0.0,0.0,0.36986301369863006,0.3410901140090583,0.312,0.312
0.7786069651741293,0.3546099290780142,0.33954065797641214,0.0,1.0,0.0,0.0,0.0,0.0,0.37671232876712324,0.3421833515539591,0.313,0.313
0.7810945273631841,0.3546099290780142,0.340471756672874,0.0,1.0,0.0,0.0,0.0,0.0,0.37671232876712324,0.34327658909885994,0.314,0.314
0.7835820895522387,0.3546099290780142,0.34171322160148976,0.0,1.0,0.0,0.0,0.0,0.0,0.37671232876712324,0.34436982664376076,0.315,0.315
0.7860696517412935,0.3546099290780142,0.34264432029795155,0.0,1.0,0.0,0.0,0.0,0.0,0.37671232876712324,0.3454630641886616,0.316,0.316
0.7885572139303483,0.3546099290780142,0.3438857852265673,0.0,1.0,0.0,0.0,0.0,0.0,0.37671232876712324,0.34655630173356244,0.317,0.317
0.7910447761194029,0.3546099290780142,0.34481688392302917,0.0,1.0,0.0,0.0,0.0,0.0,0.37671232876712324,0.34764953927846326,0.318,0.318
0.7935323383084577,0.36170212765957444,0.34605834885164494,0.0,1.0,0.0,0.0,0.0,0.0,0.3835616438356164,0.3487427768233641,0.319,0.319
0.7960199004975124,0.36170212765957444,0.34698944754810673,0.0,1.0,0.0,0.0,0.0,0.0,0.3835616438356164,0.3498360143682649,0.32,0.32
0.7985074626865671,0.36170212765957444,0.3482309124767225,0.0,1.0,0.0,0.0,0.0,0.0,0.3835616438356164,0.3509292519131657,0.321,0.321
0.8009950248756219,0.36170212765957444,0.34916201117318435,0.0,1.0,0.0,0.0,0.0,0.0,0.3835616438356164,0.3520224894580666,0.322,0.322
0.8034825870646766,0.36170212765957444,0.3504034761018001,0.0,1.0,0.0,0.0,0.0,0.0,0.3835616438356164,0.3531157270029674,0.323,0.323
0.8059701492537313,0.36170212765957444,0.3513345747982619,0.0,1.0,0.0,0.0,0.0,0.0,0.3835616438356164,0.3542089645478682,0.324,0.324
0.8084577114427861,0.36879432624113473,0.3525760397268777,0.0,1.0,0.0,0.0,0.0,0.0,0.3904109589041096,0.355302202092769,0.325,0.325
0.8109452736318408,0.36879432624113473,0.35350713842333953,0.0,1.0,0.0,0.0,0.0,0.0,0.3904109589041096,0.3563954396376699,0.326,0.326
0.8134328358208955,0.36879432624113473,0.3547486033519553,0.0,1.0,0.0,0.0,0.0,0.0,0.3904109589041096,0.3574886771825707,0.327,0.327
0.8159203980099502,0.36879432624113473,0.3556797020484171,0.0,1.0,0.0,0.0,0.0,0.0,0.3904109589041096,0.35858191472747153,0.328,0.328
0.818407960199005,0.36879432624113473,0.35692116697703286,0.0,1.0,0.0,0.0,0.0,0.0,0.3904109589041096,0.35967515227237234,0.329,0.329
0.8208955223880597,0.375886524822695,0.3578522656734947,0.0,1.0,0.0,0.0,0.0,0.0,0.3972602739726028,0.36076838981727316,0.33,0.33
0.8233830845771144,0.375886524822695,0.3590937306021105,0.0,1.0,0.0,0.0,0.0,0.0,0.3972602739726028,0.36186162736217403,0.331,0.331
0.8258706467661692,0.375886524822695,0.36002482929857227,0.0,1.0,0.0,0.0,0.0,0.0,0.3972602739726028,0.36295486490707485,0.332,0.332
0.8283582089552238,0.375886524822695,0.36126629422718803,0.0,1.0,0.0,0.0,0.0,0.0,0.3972602739726028,0.36404810245197566,0.333,0.333
0.8308457711442786,0.375886524822695,0.3621973929236499,0.0,1.0,0.0,0.0,0.0,0.0,0.3972602739726028,0.3651413399968765,0.33399999999999996,0.334
0.8333333333333334,0.375886524822695,0.36343885785226565,0.0,1.0,0.0,0.0,0.0,0.0,0.3972602739726028,0.36623457754177735,0.33499999999999996,0.335
0.835820895522388,0.3829787234042553,0.3646803227808814,0.0,1.0,0.0,0.0,0.0,0.0,0.40410958904109584,0.36732781508667817,0.33599999999999997,0.336
0.8383084577114428,0.3829787234042553,0.36561142147734327,0.0,1.0,0.0,0.0,0.0,0.0,0.40410958904109584,0.368421052631579,0.33699999999999997,0.337
0.8407960199004975,0.3829787234042553,0.36654252017380506,0.0,1.0,0.0,0.0,0.0,0.0,0.40410958904109584,0.3695142901764798,0.33799999999999997,0.338
0.8432835820895522,0.3829787234042553,0.36778398510242083,0.0,1.0,0.0,0.0,0.0,0.0,0.40410958904109584,0.3706075277213806,0.33899999999999997,0.339
0.845771144278607,0.3829787234042553,0.3690254500310366,0.0,1.0,0.0,0.0,0.0,0.0,0.40410958904109584,0.3717007652662815,0.33999999999999997,0.34
0.8482587064676617,0.3829787234042553,0.36995654872749845,0.0,1.0,0.0,0.0,0.0,0.0,0.40410958904109584,0.3727940028111823,0.34099999999999997,0.341
0.8507462686567164,0.3900709219858156,0.3711980136561142,0.0,1.0,0.0,0.0,0.0,0.0,0.410958904109589,0.3738872403560831,0.34199999999999997,0.342
0.8532338308457711,0.3900709219858156,0.372129112352576,0.0,1.0,0.0,0.0,0.0,0.0,0.410958904109589,0.37498047790098393,0.34299999999999997,0.343
0.8557213930348259,0.3900709219858156,0.3733705772811918,0.0,1.0,0.0,0.0,0.0,0.0,0.410958904109589,0.37607371544588475,0.344,0.344
0.8582089552238806,0.3900709219858156,0.3743016759776536,0.0,1.0,0.0,0.0,0.0,0.0,0.410958904109589,0.3771669529907856,0.345,0.345
0.8606965174129353,0.3900709219858156,0.3755431409062694,0.0,1.0,0.0,0.0,0.0,0.0,0.410958904109589,0.37826019053568644,0.346,0.346
0.8631840796019901,0.3900709219858156,0.3764742396027312,0.0,1.0,0.0,0.0,0.0,0.0,0.410958904109589,0.37935342808058725,0.347,0.347
0.8656716417910447,0.39716312056737585,0.37771570453134695,0.0,1.0,0.0,0.0,0.0,0.0,0.4178082191780822,0.38044666562548807,0.348,0.348
0.8681592039800995,0.39716312056737585,0.3786468032278088,0.0,1.0,0.0,0.0,0.0,0.0,0.4178082191780822,0.38153990317038894,0.349,0.349
0.8706467661691543,0.39716312056737585,0.37988826815642457,0.0,1.0,0.0,0.0,0.0,0.0,0.4178082191780822,0.38263314071528975,0.35,0.35
0.8731343283582089,0.39716312056737585,0.38081936685288637,0.0,1.0,0.0,0.0,0.0,0.0,0.4178082191780822,0.38372637826019057,0.351,0.351
0.8756218905472637,0.39716312056737585,0.38206083178150213,0.0,1.0,0.0,0.0,0.0,0.0,0.4178082191780822,0.3848196158050914,0.352,0.352
0.8781094527363184,0.40425531914893614,0.382991930477964,0.0,1.0,0.0,0.0,0.0,0.0,0.42465753424657526,0.3859128533499922,0.353,0.353
0.8805970149253731,0.40425531914893614,0.38423339540657975,0.0,1.0,0.0,0.0,0.0,0.0,0.42465753424657526,0.3870060908948931,0.354,0.354
0.8830845771144279,0.40425531914893614,0.38516449410304154,0.0,1.0,0.0,0.0,0.0,0.0,0.42465753424657526,0.3880993284397939,0.355,0.355
0.8855721393034826,0.40425531914893614,0.3864059590316573,0.0,1.0,0.0,0.0,0.0,0.0,0.42465753424657526,0.3891925659846947,0.356,0.356
0.8880597014925373,0.40425531914893614,0.38733705772811916,0.0,1.0,0.0,0.0,0.0,0.0,0.42465753424657526,0.3902858035295955,0.357,0.357
0.890547263681592,0.40425531914893614,0.3885785226567349,0.0,1.0,0.0,0.0,0.0,0.0,0.42465753424657526,0.39137904107449634,0.358,0.358
0.8930348258706468,0.41134751773049644,0.3895096213531967,0.0,1.0,0.0,0.0,0.0,0.0,0.43150684931506844,0.3924722786193972,0.359,0.359
0.8955223880597015,0.41134751773049644,0.3907510862818125,0.0,1.0,0.0,0.0,0.0,0.0,0.43150684931506844,0.393565516164298,0.36,0.36
0.8980099502487562,0.41134751773049644,0.39168218497827434,0.0,1.0,0.0,0.0,0.0,0.0,0.43150684931506844,0.39465875370919884,0.361,0.361
0.900497512437811,0.41134751773049644,0.3929236499068901,0.0,1.0,0.0,0.0,0.0,0.0,0.43150684931506844,0.39575199125409966,0.362,0.362
0.9029850746268656,0.41134751773049644,0.39385474860335196,0.0,1.0,0.0,0.0,0.0,0.0,0.43150684931506844,0.3968452287990005,0.363,0.363
0.9054726368159204,0.41134751773049644,0.3950962135319677,0.0,1.0,0.0,0.0,0.0,0.0,0.43150684931506844,0.39793846634390134,0.364,0.364
0.9079601990049752,0.41843971631205673,0.3960273122284295,0.0,1.0,0.0,0.0,0.0,0.0,0.4383561643835616,0.39903170388880216,0.365,0.365
0.9104477611940298,0.41843971631205673,0.3972687771570453,0.0,1.0,0.0,0.0,0.0,0.0,0.4383561643835616,0.400124941433703,0.366,0.366
0.9129353233830846,0.41843971631205673,0.39819987585350713,0.0,1.0,0.0,0.0,0.0,0.0,0.4383561643835616,0.4012181789786038,0.367,0.367
0.9154228855721392,0.41843971631205673,0.3994413407821229,0.0,1.0,0.0,0.0,0.0,0.0,0.4383561643835616,0.40231141652350466,0.368,0.368
0.917910447761194,0.41843971631205673,0.4003724394785847,0.0,1.0,0.0,0.0,0.0,0.0,0.4383561643835616,0.4034046540684055,0.369,0.369
0.9203980099502488,0.425531914893617,0.40161390440720046,0.0,1.0,0.0,0.0,0.0,0.0,0.4452054794520548,0.4044978916133063,0.37,0.37
0.9228855721393034,0.425531914893617,0.4025450031036623,0.0,1.0,0.0,0.0,0.0,0.0,0.4452054794520548,0.4055911291582071,0.371,0.371
0.9253731343283582,0.425531914893617,0.4037864680322781,0.0,1.0,0.0,0.0,0.0,0.0,0.4452054794520548,0.406684366703108,0.372,0.372
0.9278606965174129,0.425531914893617,0.4047175667287399,0.0,1.0,0.0,0.0,0.0,0.0,0.4452054794520548,0.4077776042480088,0.373,0.373
0.9303482587064676,0.425531914893617,0.40595903165735564,0.0,1.0,0.0,0.0,0.0,0.0,0.4452054794520548,0.4088708417929096,0.374,0.374
0.9328358208955224,0.425531914893617,0.4068901303538175,0.0,1.0,0.0,0.0,0.0,0.0,0.4452054794520548,0.4099640793378104,0.375,0.375
0.9353233830845771,0.43262411347517726,0.40813159528243326,0.0,1.0,0.0,0.0,0.0,0.0,0.452054794520548,0.41105731688271124,0.376,0.376
0.9378109452736318,0.43262411347517726,0.40906269397889505,0.0,1.0,0.0,0.0,0.0,0.0,0.452054794520548,0.4121505544276121,0.377,0.377
0.9402985074626865,0.43262411347517726,0.4103041589075108,0.0,1.0,0.0,0.0,0.0,0.0,0.452054794520548,0.41324379197251293,0.378,0.378
0.9427860696517413,0.43262411347517726,0.41123525760397267,0.0,1.0,0.0,0.0,0.0,0.0,0.452054794520548,0.41433702951741375,0.379,0.379
0.945273631840796,0.43262411347517726,0.41247672253258844,0.0,1.0,0.0,0.0,0.0,0.0,0.452054794520548,0.41543026706231456,0.38,0.38
0.9477611940298507,0.43262411347517726,0.41340782122905023,0.0,1.0,0.0,0.0,0.0,0.0,0.452054794520548,0.4165235046072154,0.381,0.381
0.9502487562189055,0.43971631205673756,0.414649286157666,0.0,1.0,0.0,0.0,0.0,0.0,0.45890410958904104,0.41761674215211625,0.382,0.382
0.9527363184079601,0.43971631205673756,0.41558038485412785,0.0,1.0,0.0,0.0,0.0,0.0,0.45890410958904104,0.41870997969701707,0.383,0.383
0.9552238805970149,0.43971631205673756,0.4168218497827436,0.0,1.0,0.0,0.0,0.0,0.0,0.45890410958904104,0.4198032172419179,0.384,0.384
0.9577114427860697,0.43971631205673756,0.4177529484792054,0.0,1.0,0.0,0.0,0.0,0.0,0.45890410958904104,0.4208964547868187,0.385,0.385
0.9601990049751243,0.43971631205673756,0.41899441340782123,0.0,1.0,0.0,0.0,0.0,0.0,0.45890410958904104,0.42198969233171957,0.386,0.386
0.9626865671641791,0.43971631205673756,0.419925512104283,0.0,1.0,0.0,0.0,0.0,0.0,0.45890410958904104,0.4230829298766204,0.387,0.387
0.9651741293532338,0.44680851063829785,0.4211669770328988,0.0,1.0,0.0,0.0,0.0,0.0,0.4657534246575342,0.4241761674215212,0.388,0.388
0.9676616915422885,0.44680851063829785,0.42209807572936064,0.0,1.0,0.0,0.0,0.0,0.0,0.4657534246575342,0.425269404966422,0.389,0.389
0.9701492537313433,0.44680851063829785,0.4233395406579764,0.0,1.0,0.0,0.0,0.0,0.0,0.4657534246575342,0.42636264251132283,0.39,0.39
0.972636815920398,0.44680851063829785,0.4242706393544382,0.0,1.0,0.0,0.0,0.0,0.0,0.4657534246575342,0.4274558800562237,0.391,0.391
0.9751243781094527,0.44680851063829785,0.42551210428305397,0.0,1.0,0.0,0.0,0.0,0.0,0.4657534246575342,0.4285491176011245,0.392,0.392
0.9776119402985074,0.45390070921985815,0.4264432029795158,0.0,1.0,0.0,0.0,0.0,0.0,0.4726027397260274,0.42964235514602533,0.393,0.393
0.9800995024875622,0.45390070921985815,0.4276846679081316,0.0,1.0,0.0,0.0,0.0,0.0,0.4726027397260274,0.43073559269092615,0.394,0.394
0.9825870646766169,0.45390070921985815,0.4286157666045934,0.0,1.0,0.0,0.0,0.0,0.0,0.4726027397260274,0.43182883023582697,0.395,0.395
0.9850746268656716,0.45390070921985815,0.42985723153320915,0.0,1.0,0.0,0.0,0.0,0.0,0.4726027397260274,0.43292206778072784,0.396,0.396
0.9875621890547264,0.45390070921985815,0.430788330229671,0.0,1.0,0.0,0.0,0.0,0.0,0.4726027397260274,0.43401530532562865,0.397,0.397
0.990049751243781,0.45390070921985815,0.43202979515828677,0.0,1.0,0.0,0.0,0.0,0.0,0.4726027397260274,0.43510854287052947,0.398,0.398
0.9925373134328358,0.4609929078014184,0.43296089385474856,0.0,1.0,0.0,0.0,0.0,0.0,0.47945205479452047,0.4362017804154303,0.39899999999999997,0.399
0.9950248756218906,0.4609929078014184,0.43420235878336433,0.0,1.0,0.0,0.0,0.0,0.0,0.47945205479452047,0.43729501796033116,0.39999999999999997,0.4
0.9975124378109452,0.4609929078014184,0.4351334574798262,0.0,1.0,0.0,0.0,0.0,0.0,0.47945205479452047,0.43838825550523197,0.40099999999999997,0.401
1.0,0.4609929078014184,0.43637492240844195,0.0,1.0,0.0,0.0,0.0,0.0,0.47945205479452047,0.4394814930501328,0.40199999999999997,0.402
1.0,0.4609929078014184,0.43730602110490374,0.0,1.0,0.0,0.0,0.0,0.0,0.47945205479452047,0.4405747305950336,0.40299999999999997,0.403
1.0,0.4609929078014184,0.4385474860335195,0.0,1.0,0.0,0.0,0.0,0.0,0.47945205479452047,0.44151179134780577,0.40399999999999997,0.404
1.0,0.4609929078014184,0.43947858472998136,0.0,1.0,0.0,0.0,0.0,0.0,0.47945205479452047,0.4424488521005779,0.40499999999999997,0.405
1.0,0.4680851063829787,0.44040968342644315,0.0,1.0,0.0,0.0,0.0,0.0,0.48630136986301364,0.44338591285335005,0.40599999999999997,0.406
1.0,0.4680851063829787,0.441340782122905,0.0,1.0,0.0,0.0,0.0,0.0,0.48630136986301364,0.44432297360612216,0.407,0.40700000000000003
1.0,0.4680851063829787,0.4422718808193668,0.0,1.0,0.0,0.0,0.0,0.0,0.48630136986301364,0.44526003435889433,0.408,0.40800000000000003
1.0,0.4680851063829787,0.44320297951582865,0.0,1.0,0.0,0.0,0.0,0.0,0.48630136986301364,0.44619709511166644,0.409,0.409
1.0,0.4680851063829787,0.44413407821229045,0.0,1.0,0.0,0.0,0.0,0.0,0.48630136986301364,0.44713415586443855,0.41,0.41
1.0,0.4680851063829787,0.4450651769087523,0.0,1.0,0.0,0.0,0.0,0.0,0.48630136986301364,0.4480712166172107,0.411,0.411
1.0,0.4680851063829787,0.44599627560521415,0.0,1.0,0.0,0.0,0.0,0.0,0.48630136986301364,0.44900827736998283,0.412,0.412
1.0,0.4680851063829787,0.44692737430167595,0.0,1.0,0.0,0.0,0.0,0.0,0.48630136986301364,0.449945338122755,0.413,0.413
1.0,0.47517730496453897,0.4478584729981378,0.0,1.0,0.0,0.0,0.0,0.0,0.4931506849315068,0.4508823988755271,0.414,0.414
1.0,0.47517730496453897,0.4487895716945996,0.0,1.0,0.0,0.0,0.0,0.0,0.4931506849315068,0.4518194596282993,0.415,0.415
1.0,0.47517730496453897,0.44972067039106145,0.0,1.0,0.0,0.0,0.0,0.0,0.4931506849315068,0.4527565203810714,0.416,0.416
1.0,0.47517730496453897,0.45065176908752325,0.0,1.0,0.0,0.0,0.0,0.0,0.4931506849315068,0.45369358113384356,0.417,0.417
1.0,0.47517730496453897,0.4515828677839851,0.0,1.0,0.0,0.0,0.0,0.0,0.4931506849315068,0.45463064188661567,0.418,0.418
1.0,0.47517730496453897,0.4525139664804469,0.0,1.0,0.0,0.0,0.0,0.0,0.4931506849315068,0.45556770263938784,0.419,0.419
1.0,0.47517730496453897,0.45344506517690875,0.0,1.0,0.0,0.0,0.0,0.0,0.4931506849315068,0.45650476339215995,0.42,0.42
1.0,0.48226950354609927,0.45437616387337054,0.0,1.0,0.0,0.0,0.0,0.0,0.5,0.4574418241449321,0.421,0.421
1.0,0.48226950354609927,0.4553072625698324,0.0,1.0,0.0,0.0,0.0,0.0,0.5,0.45837888489770423,0.422,0.422
1.0,0.48226950354609927,0.4562383612662942,0.0,1.0,0.0,0.0,0.0,0.0,0.5,0.4593159456504764,0.423,0.423
1.0,0.48226950354609927,0.45716945996275604,0.0,1.0,0.0,0.0,0.0,0.0,0.5,0.4602530064032485,0.424,0.424
1.0,0.48226950354609927,0.45810055865921784,0.0,1.0,0.0,0.0,0.0,0.0,0.5,0.4611900671560207,0.425,0.425
1.0,0.48226950354609927,0.4590316573556797,0.0,1.0,0.0,0.0,0.0,0.0,0.5,0.4621271279087928,0.426,0.426
1.0,0.48226950354609927,0.46027312228429546,0.0,1.0,0.0,0.0,0.0,0.0,0.5,0.4630641886615649,0.427,0.427
1.0,0.48226950354609927,0.46120422098075725,0.0,1.0,0.0,0.0,0.0,0.0,0.5,0.46400124941433707,0.428,0.428
1.0,0.48936170212765956,0.4621353196772191,0.0,1.0,0.0,0.0,0.0,0.0,0.5068493150684932,0.4649383101671092,0.429,0.429
1.0,0.48936170212765956,0.4630664183736809,0.0,1.0,0.0,0.0,0.0,0.0,0.5068493150684932,0.46587537091988135,0.43,0.43
1.0,0.48936170212765956,0.46399751707014275,0.0,1.0,0.0,0.0,0.0,0.0,0.5068493150684932,0.46681243167265346,0.431,0.431
1.0,0.48936170212765956,0.46492861576660455,0.0,1.0,0.0,0.0,0.0,0.0,0.5068493150684932,0.46774949242542563,0.432,0.432
1.0,0.48936170212765956,0.4658597144630664,0.0,1.0,0.0,0.0,0.0,0.0,0.5068493150684932,0.46868655317819774,0.433,0.433
1.0,0.48936170212765956,0.4667908131595282,0.0,1.0,0.0,0.0,0.0,0.0,0.5068493150684932,0.4696236139309699,0.434,0.434
1.0,0.48936170212765956,0.46772191185599005,0.0,1.0,0.0,0.0,0.0,0.0,0.5068493150684932,0.470560674683742,0.435,0.435
1.0,0.48936170212765956,0.46865301055245184,0.0,1.0,0.0,0.0,0.0,0.0,0.5068493150684932,0.4714977354365142,0.436,0.436
1.0,0.49645390070921985,0.4695841092489137,0.0,1.0,0.0,0.0,0.0,0.0,0.5136986301369862,0.4724347961892863,0.437,0.437
1.0,0.49645390070921985,0.4705152079453755,0.0,1.0,0.0,0.0,0.0,0.0,0.5136986301369862,0.47337185694205847,0.438,0.438
1.0,0.49645390070921985,0.47144630664183734,0.0,1.0,0.0,0.0,0.0,0.0,0.5136986301369862,0.4743089176948306,0.439,0.439
1.0,0.49645390070921985,0.4723774053382992,0.0,1.0,0.0,0.0,0.0,0.0,0.5136986301369862,0.47524597844760275,0.44,0.44
1.0,0.49645390070921985,0.473308504034761,0.0,1.0,0.0,0.0,0.0,0.0,0.5136986301369862,0.47618303920037486,0.441,0.441
1.0,0.49645390070921985,0.47423960273122284,0.0,1.0,0.0,0.0,0.0,0.0,0.5136986301369862,0.477120099953147,0.442,0.442
1.0,0.49645390070921985,0.47517070142768464,0.0,1.0,0.0,0.0,0.0,0.0,0.5136986301369862,0.47805716070591914,0.443,0.443
1.0,0.49645390070921985,0.4761018001241465,0.0,1.0,0.0,0.0,0.0,0.0,0.5136986301369862,0.47899422145869125,0.444,0.444
1.0,0.5035460992907802,0.4770328988206083,0.0,1.0,0.0,0.0,0.0,0.0,0.5205479452054794,0.4799312822114634,0.445,0.445
1.0,0.5035460992907802,0.47796399751707014,0.0,1.0,0.0,0.0,0.0,0.0,0.5205479452054794,0.48086834296423553,0.446,0.446
1.0,0.5035460992907802,0.47889509621353193,0.0,1.0,0.0,0.0,0.0,0.0,0.5205479452054794,0.4818054037170077,0.447,0.447
1.0,0.5035460992907802,0.4798261949099938,0.0,1.0,0.0,0.0,0.0,0.0,0.5205479452054794,0.4827424644697798,0.448,0.448
1.0,0.5035460992907802,0.4807572936064556,0.0,1.0,0.0,0.0,0.0,0.0,0.5205479452054794,0.483679525222552,0.449,0.449
1.0,0.5035460992907802,0.48168839230291743,0.0,1.0,0.0,0.0,0.0,0.0,0.5205479452054794,0.4846165859753241,0.45,0.45
1.0,0.5035460992907802,0.48261949099937923,0.0,1.0,0.0,0.0,0.0,0.0,0.5205479452054794,0.48555364672809626,0.451,0.451
1.0,0.5035460992907802,0.4835505896958411,0.0,1.0,0.0,0.0,0.0,0.0,0.5205479452054794,0.48649070748086837,0.452,0.452
1.0,0.5106382978723405,0.4844816883923029,0.0,1.0,0.0,0.0,0.0,0.0,0.5273972602739726,0.48742776823364053,0.453,0.453
1.0,0.5106382978723405,0.48541278708876473,0.0,1.0,0.0,0.0,0.0,0.0,0.5273972602739726,0.48836482898641265,0.454,0.454
1.0,0.5106382978723405,0.4863438857852265,0.0,1.0,0.0,0.0,0.0,0.0,0.5273972602739726,0.4893018897391848,0.455,0.455
1.0,0.5106382978723405,0.4872749844816884,0.0,1.0,0.0,0.0,0.0,0.0,0.5273972602739726,0.4902389504919569,0.456,0.456
1.0,0.5106382978723405,0.4882060831781502,0.0,1.0,0.0,0.0,0.0,0.0,0.5273972602739726,0.4911760112447291,0.457,0.457
1.0,0.5106382978723405,0.489137181874612,0.0,1.0,0.0,0.0,0.0,0.0,0.5273972602739726,0.4921130719975012,0.458,0.458
1.0,0.5106382978723405,0.4903786468032278,0.0,1.0,0.0,0.0,0.0,0.0,0.5273972602739726,0.4930501327502734,0.459,0.459
1.0,0.5106382978723405,0.4909993792675357,0.0,1.0,0.0,0.0,0.0,0.0,0.5273972602739726,0.4939871935030455,0.46,0.46
1.0,0.5177304964539008,0.49224084419615144,0.0,1.0,0.0,0.0,0.0,0.0,0.5342465753424657,0.4949242542558176,0.461,0.461
1.0,0.5177304964539008,0.49317194289261324,0.0,1.0,0.0,0.0,0.0,0.0,0.5342465753424657,0.49586131500858976,0.46199999999999997,0.462
1.0,0.5177304964539008,0.4941030415890751,0.0,1.0,0.0,0.0,0.0,0.0,0.5342465753424657,0.4967983757613619,0.46299999999999997,0.463
1.0,0.5177304964539008,0.49503414028553694,0.0,1.0,0.0,0.0,0.0,0.0,0.5342465753424657,0.49773543651413404,0.46399999999999997,0.464
1.0,0.5177304964539008,0.49596523898199874,0.0,1.0,0.0,0.0,0.0,0.0,0.5342465753424657,0.49867249726690616,0.46499999999999997,0.465
1.0,0.5177304964539008,0.49689633767846053,0.0,1.0,0.0,0.0,0.0,0.0,0.5342465753424657,0.49960955801967827,0.46599999999999997,0.466
1.0,0.5177304964539008,0.4978274363749223,0.0,1.0,0.0,0.0,0.0,0.0,0.5342465753424657,0.5005466187724504,0.46699999999999997,0.467
1.0,0.5177304964539008,0.49875853507138423,0.0,1.0,0.0,0.0,0.0,0.0,0.5342465753424657,0.5014836795252225,0.46799999999999997,0.468
1.0,0.524822695035461,0.49968963376784603,0.0,1.0,0.0,0.0,0.0,0.0,0.5410958904109588,0.5024207402779947,0.469,0.46900000000000003
1.0,0.524822695035461,0.5006207324643078,0.0,1.0,0.0,0.0,0.0,0.0,0.5410958904109588,0.5033578010307668,0.47,0.47000000000000003
1.0,0.524822695035461,0.5015518311607697,0.0,1.0,0.0,0.0,0.0,0.0,0.5410958904109588,0.504294861783539,0.471,0.47100000000000003
1.0,0.524822695035461,0.5024829298572315,0.0,1.0,0.0,0.0,0.0,0.0,0.5410958904109588,0.5052319225363111,0.472,0.472
1.0,0.524822695035461,0.5034140285536933,0.0,1.0,0.0,0.0,0.0,0.0,0.5410958904109588,0.5061689832890832,0.473,0.473
1.0,0.524822695035461,0.5043451272501551,0.0,1.0,0.0,0.0,0.0,0.0,0.5410958904109588,0.5071060440418553,0.474,0.474
1.0,0.524822695035461,0.505276225946617,0.0,1.0,0.0,0.0,0.0,0.0,0.5410958904109588,0.5080431047946276,0.475,0.475
1.0,0.524822695035461,0.5062073246430788,0.0,1.0,0.0,0.0,0.0,0.0,0.5410958904109588,0.5089801655473997,0.476,0.476
1.0,0.5319148936170213,0.5071384233395406,0.0,1.0,0.0,0.0,0.0,0.0,0.547945205479452,0.5099172263001718,0.477,0.477
1.0,0.5319148936170213,0.5080695220360024,0.0,1.0,0.0,0.0,0.0,0.0,0.547945205479452,0.5108542870529439,0.478,0.478
1.0,0.5319148936170213,0.5090006207324643,0.0,1.0,0.0,0.0,0.0,0.0,0.547945205479452,0.511791347805716,0.479,0.479
1.0,0.5319148936170213,0.5099317194289261,0.0,1.0,0.0,0.0,0.0,0.0,0.547945205479452,0.5127284085584882,0.48,0.48
1.0,0.5319148936170213,0.5108628181253879,0.0,1.0,0.0,0.0,0.0,0.0,0.547945205479452,0.5136654693112603,0.481,0.481
1.0,0.5319148936170213,0.5117939168218497,0.0,1.0,0.0,0.0,0.0,0.0,0.547945205479452,0.5146025300640324,0.482,0.482
1.0,0.5319148936170213,0.5127250155183116,0.0,1.0,0.0,0.0,0.0,0.0,0.547945205479452,0.5155395908168046,0.483,0.483
1.0,0.5390070921985816,0.5136561142147734,0.0,1.0,0.0,0.0,0.0,0.0,0.5547945205479452,0.5164766515695768,0.484,0.484
1.0,0.5390070921985816,0.5145872129112352,0.0,1.0,0.0,0.0,0.0,0.0,0.5547945205479452,0.5174137123223489,0.485,0.485
1.0,0.5390070921985816,0.515518311607697,0.0,1.0,0.0,0.0,0.0,0.0,0.5547945205479452,0.518350773075121,0.486,0.486
1.0,0.5390070921985816,0.5164494103041589,0.0,1.0,0.0,0.0,0.0,0.0,0.5547945205479452,0.5192878338278931,0.487,0.487
1.0,0.5390070921985816,0.5173805090006207,0.0,1.0,0.0,0.0,0.0,0.0,0.5547945205479452,0.5202248945806653,0.488,0.488
1.0,0.5390070921985816,0.5186219739292365,0.0,1.0,0.0,0.0,0.0,0.0,0.5547945205479452,0.5211619553334375,0.489,0.489
1.0,0.5390070921985816,0.5192427063935443,0.0,1.0,0.0,0.0,0.0,0.0,0.5547945205479452,0.5220990160862096,0.49,0.49
1.0,0.5390070921985816,0.5204841713221601,0.0,1.0,0.0,0.0,0.0,0.0,0.5547945205479452,0.5230360768389817,0.491,0.491
1.0,0.5460992907801419,0.521415270018622,0.0,1.0,0.0,0.0,0.0,0.0,0.5616438356164384,0.5239731375917539,0.492,0.492
1.0,0.5460992907801419,0.5223463687150838,0.0,1.0,0.0,0.0,0.0,0.0,0.5616438356164384,0.524910198344526,0.493,0.493
1.0,0.5460992907801419,0.5232774674115456,0.0,1.0,0.0,0.0,0.0,0.0,0.5616438356164384,0.5258472590972981,0.494,0.494
1.0,0.5460992907801419,0.5242085661080074,0.0,1.0,0.0,0.0,0.0,0.0,0.5616438356164384,0.5267843198500702,0.495,0.495
1.0,0.5460992907801419,0.5251396648044693,0.0,1.0,0.0,0.0,0.0,0.0,0.5616438356164384,0.5277213806028423,0.496,0.496
1.0,0.5460992907801419,0.5260707635009311,0.0,1.0,0.0,0.0,0.0,0.0,0.5616438356164384,0.5286584413556146,0.497,0.497
1.0,0.5460992907801419,0.5270018621973929,0.0,1.0,0.0,0.0,0.0,0.0,0.5616438356164384,0.5295955021083867,0.498,0.498
1.0,0.5460992907801419,0.5279329608938548,0.0,1.0,0.0,0.0,0.0,0.0,0.5616438356164384,0.5305325628611588,0.499,0.499
1.0,0.5531914893617021,0.5288640595903166,0.0,1.0,0.0,0.0,0.0,0.0,0.5684931506849314,0.5314696236139309,0.5,0.5
1.0,0.5531914893617021,0.5297951582867784,0.0,1.0,0.0,0.0,0.0,0.0,0.5684931506849314,0.5324066843667031,0.501,0.501
1.0,0.5531914893617021,0.5307262569832402,0.0,1.0,0.0,0.0,0.0,0.0,0.5684931506849314,0.5333437451194752,0.502,0.502
1.0,0.5531914893617021,0.5316573556797021,0.0,1.0,0.0,0.0,0.0,0.0,0.5684931506849314,0.5342808058722474,0.503,0.503
1.0,0.5531914893617021,0.5325884543761639,0.0,1.0,0.0,0.0,0.0,0.0,0.5684931506849314,0.5352178666250195,0.504,0.504
1.0,0.5531914893617021,0.5335195530726257,0.0,1.0,0.0,0.0,0.0,0.0,0.5684931506849314,0.5361549273777917,0.505,0.505
1.0,0.5531914893617021,0.5344506517690875,0.0,1.0,0.0,0.0,0.0,0.0,0.5684931506849314,0.5370919881305638,0.506,0.506
1.0,0.5531914893617021,0.5353817504655494,0.0,1.0,0.0,0.0,0.0,0.0,0.5684931506849314,0.5380290488833359,0.507,0.507
1.0,0.5602836879432624,0.5363128491620112,0.0,1.0,0.0,0.0,0.0,0.0,0.5753424657534246,0.538966109636108,0.508,0.508
1.0,0.5602836879432624,0.537243947858473,0.0,1.0,0.0,0.0,0.0,0.0,0.5753424657534246,0.5399031703888802,0.509,0.509
1.0,0.5602836879432624,0.5381750465549348,0.0,1.0,0.0,0.0,0.0,0.0,0.5753424657534246,0.5408402311416524,0.51,0.51
1.0,0.5602836879432624,0.5391061452513967,0.0,1.0,0.0,0.0,0.0,0.0,0.5753424657534246,0.5417772918944245,0.511,0.511
1.0,0.5602836879432624,0.5400372439478585,0.0,1.0,0.0,0.0,0.0,0.0,0.5753424657534246,0.5427143526471966,0.512,0.512
1.0,0.5602836879432624,0.5409683426443203,0.0,1.0,0.0,0.0,0.0,0.0,0.5753424657534246,0.5436514133999687,0.513,0.513
1.0,0.5602836879432624,0.541899441340782,0.0,1.0,0.0,0.0,0.0,0.0,0.5753424657534246,0.5445884741527409,0.514,0.514
1.0,0.5602836879432624,0.542830540037244,0.0,1.0,0.0,0.0,0.0,0.0,0.5753424657534246,0.545525534905513,0.515,0.515
1.0,0.5673758865248227,0.5437616387337058,0.0,1.0,0.0,0.0,0.0,0.0,0.5821917808219178,0.5464625956582851,0.516,0.516
1.0,0.5673758865248227,0.5446927374301676,0.0,1.0,0.0,0.0,0.0,0.0,0.5821917808219178,0.5473996564110573,0.517,0.517
1.0,0.5673758865248227,0.5456238361266293,0.0,1.0,0.0,0.0,0.0,0.0,0.5821917808219178,0.5483367171638295,0.518,0.518
1.0,0.5673758865248227,0.5465549348230913,0.0,1.0,0.0,0.0,0.0,0.0,0.5821917808219178,0.5492737779166016,0.519,0.519
1.0,0.5673758865248227,0.547486033519553,0.0,1.0,0.0,0.0,0.0,0.0,0.5821917808219178,0.5502108386693737,0.52,0.52
1.0,0.5673758865248227,0.5487274984481688,0.0,1.0,0.0,0.0,0.0,0.0,0.5821917808219178,0.5511478994221458,0.521,0.521
1.0,0.5673758865248227,0.5496585971446306,0.0,1.0,0.0,0.0,0.0,0.0,0.5821917808219178,0.552084960174918,0.522,0.522
1.0,0.5673758865248227,0.5502793296089385,0.0,1.0,0.0,0.0,0.0,0.0,0.5821917808219178,0.5530220209276901,0.523,0.523
1.0,0.574468085106383,0.5515207945375543,0.0,1.0,0.0,0.0,0.0,0.0,0.5890410958904109,0.5539590816804623,0.524,0.524
1.0,0.574468085106383,0.5524518932340161,0.0,1.0,0.0,0.0,0.0,0.0,0.5890410958904109,0.5548961424332344,0.525,0.525
1.0,0.574468085106383,0.5533829919304779,0.0,1.0,0.0,0.0,0.0,0.0,0.5890410958904109,0.5558332031860066,0.526,0.526
1.0,0.574468085106383,0.5543140906269398,0.0,1.0,0.0,0.0,0.0,0.0,0.5890410958904109,0.5567702639387787,0.527,0.527
1.0,0.574468085106383,0.5552451893234016,0.0,1.0,0.0,0.0,0.0,0.0,0.5890410958904109,0.5577073246915508,0.528,0.528
1.0,0.574468085106383,0.5561762880198634,0.0,1.0,0.0,0.0,0.0,0.0,0.5890410958904109,0.5586443854443229,0.529,0.529
1.0,0.574468085106383,0.5571073867163252,0.0,1.0,0.0,0.0,0.0,0.0,0.5890410958904109,0.559581446197095,0.53,0.53
1.0,0.574468085106383,0.5580384854127871,0.0,1.0,0.0,0.0,0.0,0.0,0.5890410958904109,0.5605185069498673,0.531,0.531
1.0,0.5815602836879433,0.5589695841092489,0.0,1.0,0.0,0.0,0.0,0.0,0.595890410958904,0.5614555677026394,0.532,0.532
1.0,0.5815602836879433,0.5599006828057107,0.0,1.0,0.0,0.0,0.0,0.0,0.595890410958904,0.5623926284554115,0.533,0.533
1.0,0.5815602836879433,0.5608317815021725,0.0,1.0,0.0,0.0,0.0,0.0,0.595890410958904,0.5633296892081836,0.534,0.534
1.0,0.5815602836879433,0.5617628801986344,0.0,1.0,0.0,0.0,0.0,0.0,0.595890410958904,0.5642667499609558,0.535,0.535
1.0,0.5815602836879433,0.5626939788950962,0.0,1.0,0.0,0.0,0.0,0.0,0.595890410958904,0.5652038107137279,0.536,0.536
1.0,0.5815602836879433,0.563625077591558,0.0,1.0,0.0,0.0,0.0,0.0,0.595890410958904,0.5661408714665,0.537,0.537
1.0,0.5815602836879433,0.5645561762880198,0.0,1.0,0.0,0.0,0.0,0.0,0.595890410958904,0.5670779322192722,0.538,0.538
1.0,0.5815602836879433,0.5654872749844817,0.0,1.0,0.0,0.0,0.0,0.0,0.595890410958904,0.5680149929720444,0.539,0.539
1.0,0.5886524822695036,0.5664183736809435,0.0,1.0,0.0,0.0,0.0,0.0,0.6027397260273972,0.5689520537248165,0.54,0.54
1.0,0.5886524822695036,0.5673494723774053,0.0,1.0,0.0,0.0,0.0,0.0,0.6027397260273972,0.5698891144775886,0.541,0.541
1.0,0.5886524822695036,0.5682805710738671,0.0,1.0,0.0,0.0,0.0,0.0,0.6027397260273972,0.5708261752303607,0.542,0.542
1.0,0.5886524822695036,0.569211669770329,0.0,1.0,0.0,0.0,0.0,0.0,0.6027397260273972,0.571763235983133,0.543,0.543
1.0,0.5886524822695036,0.5701427684667908,0.0,1.0,0.0,0.0,0.0,0.0,0.6027397260273972,0.5727002967359051,0.544,0.544
1.0,0.5886524822695036,0.5710738671632526,0.0,1.0,0.0,0.0,0.0,0.0,0.6027397260273972,0.5736373574886772,0.545,0.545
1.0,0.5886524822695036,0.5720049658597144,0.0,1.0,0.0,0.0,0.0,0.0,0.6027397260273972,0.5745744182414493,0.546,0.546
1.0,0.5957446808510639,0.5729360645561763,0.0,1.0,0.0,0.0,0.0,0.0,0.6095890410958904,0.5755114789942214,0.547,0.547
1.0,0.5957446808510639,0.5738671632526381,0.0,1.0,0.0,0.0,0.0,0.0,0.6095890410958904,0.5764485397469936,0.548,0.548
1.0,0.5957446808510639,0.5747982619490999,0.0,1.0,0.0,0.0,0.0,0.0,0.6095890410958904,0.5773856004997657,0.549,0.549
1.0,0.5957446808510639,0.5757293606455617,0.0,1.0,0.0,0.0,0.0,0.0,0.6095890410958904,0.5783226612525378,0.55,0.55
1.0,0.5957446808510639,0.5766604593420236,0.0,1.0,0.0,0.0,0.0,0.0,0.6095890410958904,0.57925972200531,0.551,0.551
1.0,0.5957446808510639,0.5775915580384854,0.0,1.0,0.0,0.0,0.0,0.0,0.6095890410958904,0.5801967827580822,0.552,0.552
1.0,0.5957446808510639,0.5785226567349472,0.0,1.0,0.0,0.0,0.0,0.0,0.6095890410958904,0.5811338435108543,0.553,0.553
1.0,0.5957446808510639,0.579764121663563,0.0,1.0,0.0,0.0,0.0,0.0,0.6095890410958904,0.5820709042636264,0.554,0.554
1.0,0.6028368794326241,0.5806952203600249,0.0,1.0,0.0,0.0,0.0,0.0,0.6164383561643836,0.5830079650163985,0.555,0.555
1.0,0.6028368794326241,0.5816263190564867,0.0,1.0,0.0,0.0,0.0,0.0,0.6164383561643836,0.5839450257691707,0.556,0.556
1.0,0.6028368794326241,0.5825574177529484,0.0,1.0,0.0,0.0,0.0,0.0,0.6164383561643836,0.5848820865219428,0.557,0.557
1.0,0.6028368794326241,0.5834885164494102,0.0,1.0,0.0,0.0,0.0,0.0,0.6164383561643836,0.585819147274715,0.558,0.558
1.0,0.6028368794326241,0.5844196151458722,0.0,1.0,0.0,0.0,0.0,0.0,0.6164383561643836,0.5867562080274871,0.5589999999999999,0.559
1.0,0.6028368794326241,0.585350713842334,0.0,1.0,0.0,0.0,0.0,0.0,0.6164383561643836,0.5876932687802593,0.5599999999999999,0.56
1.0,0.6028368794326241,0.5862818125387957,0.0,1.0,0.0,0.0,0.0,0.0,0.6164383561643836,0.5886303295330314,0.5609999999999999,0.561
1.0,0.6028368794326241,0.5872129112352575,0.0,1.0,0.0,0.0,0.0,0.0,0.6164383561643836,0.5895673902858035,0.5619999999999999,0.562
1.0,0.6099290780141844,0.5881440099317194,0.0,1.0,0.0,0.0,0.0,0.0,0.6232876712328766,0.5905044510385756,0.563,0.5630000000000001
1.0,0.6099290780141844,0.5890751086281812,0.0,1.0,0.0,0.0,0.0,0.0,0.6232876712328766,0.5914415117913477,0.564,0.5640000000000001
1.0,0.6099290780141844,0.590006207324643,0.0,1.0,0.0,0.0,0.0,0.0,0.6232876712328766,0.59237857254412,0.565,0.5650000000000001
1.0,0.6099290780141844,0.5909373060211048,0.0,1.0,0.0,0.0,0.0,0.0,0.6232876712328766,0.5933156332968921,0.566,0.5660000000000001
1.0,0.6099290780141844,0.5918684047175667,0.0,1.0,0.0,0.0,0.0,0.0,0.6232876712328766,0.5942526940496642,0.567,0.5670000000000001
1.0,0.6099290780141844,0.5927995034140285,0.0,1.0,0.0,0.0,0.0,0.0,0.6232876712328766,0.5951897548024363,0.568,0.5680000000000001
1.0,0.6099290780141844,0.5937306021104903,0.0,1.0,0.0,0.0,0.0,0.0,0.6232876712328766,0.5961268155552085,0.569,0.569
1.0,0.6099290780141844,0.5946617008069521,0.0,1.0,0.0,0.0,0.0,0.0,0.6232876712328766,0.5970638763079806,0.57,0.57
1.0,0.6170212765957447,0.595592799503414,0.0,1.0,0.0,0.0,0.0,0.0,0.6301369863013698,0.5980009370607527,0.571,0.571
1.0,0.6170212765957447,0.5965238981998758,0.0,1.0,0.0,0.0,0.0,0.0,0.6301369863013698,0.5989379978135249,0.572,0.572
1.0,0.6170212765957447,0.5974549968963376,0.0,1.0,0.0,0.0,0.0,0.0,0.6301369863013698,0.5998750585662971,0.573,0.573
1.0,0.6170212765957447,0.5983860955927994,0.0,1.0,0.0,0.0,0.0,0.0,0.6301369863013698,0.6008121193190692,0.574,0.574
1.0,0.6170212765957447,0.5993171942892613,0.0,1.0,0.0,0.0,0.0,0.0,0.6301369863013698,0.6017491800718413,0.575,0.575
1.0,0.6170212765957447,0.6002482929857231,0.0,1.0,0.0,0.0,0.0,0.0,0.6301369863013698,0.6026862408246134,0.576,0.576
1.0,0.6170212765957447,0.6011793916821849,0.0,1.0,0.0,0.0,0.0,0.0,0.6301369863013698,0.6036233015773856,0.577,0.577
1.0,0.6170212765957447,0.6021104903786467,0.0,1.0,0.0,0.0,0.0,0.0,0.6301369863013698,0.6045603623301578,0.578,0.578
1.0,0.624113475177305,0.6030415890751086,0.0,1.0,0.0,0.0,0.0,0.0,0.636986301369863,0.6054974230829299,0.579,0.579
1.0,0.624113475177305,0.6039726877715704,0.0,1.0,0.0,0.0,0.0,0.0,0.636986301369863,0.606434483835702,0.58,0.58
1.0,0.624113475177305,0.6049037864680322,0.0,1.0,0.0,0.0,0.0,0.0,0.636986301369863,0.6073715445884741,0.581,0.581
1.0,0.624113475177305,0.6058348851644941,0.0,1.0,0.0,0.0,0.0,0.0,0.636986301369863,0.6083086053412463,0.582,0.582
1.0,0.624113475177305,0.6067659838609559,0.0,1.0,0.0,0.0,0.0,0.0,0.636986301369863,0.6092456660940184,0.583,0.583
1.0,0.624113475177305,0.6076970825574177,0.0,1.0,0.0,0.0,0.0,0.0,0.636986301369863,0.6101827268467905,0.584,0.584
1.0,0.624113475177305,0.6086281812538795,0.0,1.0,0.0,0.0,0.0,0.0,0.636986301369863,0.6111197875995626,0.585,0.585
1.0,0.624113475177305,0.6095592799503414,0.0,1.0,0.0,0.0,0.0,0.0,0.636986301369863,0.6120568483523349,0.586,0.586
1.0,0.6312056737588653,0.6108007448789572,0.0,1.0,0.0,0.0,0.0,0.0,0.6438356164383561,0.612993909105107,0.587,0.587
1.0,0.6312056737588653,0.611731843575419,0.0,1.0,0.0,0.0,0.0,0.0,0.6438356164383561,0.6139309698578791,0.588,0.588
1.0,0.6312056737588653,0.6123525760397268,0.0,1.0,0.0,0.0,0.0,0.0,0.6438356164383561,0.6148680306106512,0.589,0.589
1.0,0.6312056737588653,0.6135940409683426,0.0,1.0,0.0,0.0,0.0,0.0,0.6438356164383561,0.6158050913634234,0.59,0.59
1.0,0.6312056737588653,0.6145251396648045,0.0,1.0,0.0,0.0,0.0,0.0,0.6438356164383561,0.6167421521161955,0.591,0.591
1.0,0.6312056737588653,0.6154562383612663,0.0,1.0,0.0,0.0,0.0,0.0,0.6438356164383561,0.6176792128689677,0.592,0.592
1.0,0.6312056737588653,0.6163873370577281,0.0,1.0,0.0,0.0,0.0,0.0,0.6438356164383561,0.6186162736217398,0.593,0.593
1.0,0.6312056737588653,0.6173184357541899,0.0,1.0,0.0,0.0,0.0,0.0,0.6438356164383561,0.619553334374512,0.594,0.594
1.0,0.6382978723404256,0.6182495344506518,0.0,1.0,0.0,0.0,0.0,0.0,0.6506849315068493,0.6204903951272841,0.595,0.595
1.0,0.6382978723404256,0.6191806331471136,0.0,1.0,0.0,0.0,0.0,0.0,0.6506849315068493,0.6214274558800562,0.596,0.596
1.0,0.6382978723404256,0.6201117318435754,0.0,1.0,0.0,0.0,0.0,0.0,0.6506849315068493,0.6223645166328283,0.597,0.597
1.0,0.6382978723404256,0.6210428305400372,0.0,1.0,0.0,0.0,0.0,0.0,0.6506849315068493,0.6233015773856004,0.598,0.598
1.0,0.6382978723404256,0.6219739292364991,0.0,1.0,0.0,0.0,0.0,0.0,0.6506849315068493,0.6242386381383727,0.599,0.599
1.0,0.6382978723404256,0.6229050279329609,0.0,1.0,0.0,0.0,0.0,0.0,0.6506849315068493,0.6251756988911448,0.6,0.6
1.0,0.6382978723404256,0.6238361266294227,0.0,1.0,0.0,0.0,0.0,0.0,0.6506849315068493,0.6261127596439169,0.601,0.601
1.0,0.6382978723404256,0.6247672253258845,0.0,1.0,0.0,0.0,0.0,0.0,0.6506849315068493,0.627049820396689,0.602,0.602
1.0,0.6453900709219859,0.6256983240223464,0.0,1.0,0.0,0.0,0.0,0.0,0.6575342465753424,0.6279868811494612,0.603,0.603
1.0,0.6453900709219859,0.6266294227188082,0.0,1.0,0.0,0.0,0.0,0.0,0.6575342465753424,0.6289239419022333,0.604,0.604
1.0,0.6453900709219859,0.62756052141527,0.0,1.0,0.0,0.0,0.0,0.0,0.6575342465753424,0.6298610026550054,0.605,0.605
1.0,0.6453900709219859,0.6284916201117318,0.0,1.0,0.0,0.0,0.0,0.0,0.6575342465753424,0.6307980634077776,0.606,0.606
1.0,0.6453900709219859,0.6294227188081937,0.0,1.0,0.0,0.0,0.0,0.0,0.6575342465753424,0.6317351241605498,0.607,0.607
1.0,0.6453900709219859,0.6303538175046555,0.0,1.0,0.0,0.0,0.0,0.0,0.6575342465753424,0.6326721849133219,0.608,0.608
1.0,0.6453900709219859,0.6312849162011173,0.0,1.0,0.0,0.0,0.0,0.0,0.6575342465753424,0.633609245666094,0.609,0.609
1.0,0.6524822695035462,0.6322160148975792,0.0,1.0,0.0,0.0,0.0,0.0,0.6643835616438356,0.6345463064188661,0.61,0.61
1.0,0.6524822695035462,0.633147113594041,0.0,1.0,0.0,0.0,0.0,0.0,0.6643835616438356,0.6354833671716383,0.611,0.611
1.0,0.6524822695035462,0.6340782122905028,0.0,1.0,0.0,0.0,0.0,0.0,0.6643835616438356,0.6364204279244104,0.612,0.612
1.0,0.6524822695035462,0.6350093109869646,0.0,1.0,0.0,0.0,0.0,0.0,0.6643835616438356,0.6373574886771826,0.613,0.613
1.0,0.6524822695035462,0.6359404096834265,0.0,1.0,0.0,0.0,0.0,0.0,0.6643835616438356,0.6382945494299547,0.614,0.614
1.0,0.6524822695035462,0.6368715083798883,0.0,1.0,0.0,0.0,0.0,0.0,0.6643835616438356,0.6392316101827268,0.615,0.615
1.0,0.6524822695035462,0.6378026070763501,0.0,1.0,0.0,0.0,0.0,0.0,0.6643835616438356,0.640168670935499,0.616,0.616
1.0,0.6524822695035462,0.6387337057728119,0.0,1.0,0.0,0.0,0.0,0.0,0.6643835616438356,0.6411057316882711,0.617,0.617
1.0,0.6595744680851064,0.6396648044692738,0.0,1.0,0.0,0.0,0.0,0.0,0.6712328767123288,0.6420427924410432,0.618,0.618
1.0,0.6595744680851064,0.6405959031657356,0.0,1.0,0.0,0.0,0.0,0.0,0.6712328767123288,0.6429798531938153,0.619,0.619
1.0,0.6595744680851064,0.6418373680943513,0.0,1.0,0.0,0.0,0.0,0.0,0.6712328767123288,0.6439169139465876,0.62,0.62
1.0,0.6595744680851064,0.6427684667908131,0.0,1.0,0.0,0.0,0.0,0.0,0.6712328767123288,0.6448539746993597,0.621,0.621
1.0,0.6595744680851064,0.6433891992551211,0.0,1.0,0.0,0.0,0.0,0.0,0.6712328767123288,0.6457910354521318,0.622,0.622
1.0,0.6595744680851064,0.6446306641837368,0.0,1.0,0.0,0.0,0.0,0.0,0.6712328767123288,0.6467280962049039,0.623,0.623
1.0,0.6595744680851064,0.6455617628801986,0.0,1.0,0.0,0.0,0.0,0.0,0.6712328767123288,0.6476651569576761,0.624,0.624
1.0,0.6595744680851064,0.6461824953445064,0.0,1.0,0.0,0.0,0.0,0.0,0.6712328767123288,0.6486022177104482,0.625,0.625
1.0,0.6666666666666667,0.6474239602731222,0.0,1.0,0.0,0.0,0.0,0.0,0.6780821917808219,0.6495392784632203,0.626,0.626
1.0,0.6666666666666667,0.6483550589695841,0.0,1.0,0.0,0.0,0.0,0.0,0.6780821917808219,0.6504763392159925,0.627,0.627
1.0,0.6666666666666667,0.6492861576660459,0.0,1.0,0.0,0.0,0.0,0.0,0.6780821917808219,0.6514133999687647,0.628,0.628
1.0,0.6666666666666667,0.6502172563625077,0.0,1.0,0.0,0.0,0.0,0.0,0.6780821917808219,0.6523504607215368,0.629,0.629
1.0,0.6666666666666667,0.6511483550589695,0.0,1.0,0.0,0.0,0.0,0.0,0.6780821917808219,0.6532875214743089,0.63,0.63
1.0,0.6666666666666667,0.6520794537554314,0.0,1.0,0.0,0.0,0.0,0.0,0.6780821917808219,0.654224582227081,0.631,0.631
1.0,0.6666666666666667,0.6530105524518932,0.0,1.0,0.0,0.0,0.0,0.0,0.6780821917808219,0.6551616429798531,0.632,0.632
1.0,0.6666666666666667,0.653941651148355,0.0,1.0,0.0,0.0,0.0,0.0,0.6780821917808219,0.6560987037326254,0.633,0.633
1.0,0.673758865248227,0.6548727498448168,0.0,1.0,0.0,0.0,0.0,0.0,0.684931506849315,0.6570357644853975,0.634,0.634
1.0,0.673758865248227,0.6558038485412787,0.0,1.0,0.0,0.0,0.0,0.0,0.684931506849315,0.6579728252381696,0.635,0.635
1.0,0.673758865248227,0.6567349472377405,0.0,1.0,0.0,0.0,0.0,0.0,0.684931506849315,0.6589098859909417,0.636,0.636
1.0,0.673758865248227,0.6576660459342023,0.0,1.0,0.0,0.0,0.0,0.0,0.684931506849315,0.6598469467437139,0.637,0.637
1.0,0.673758865248227,0.6585971446306642,0.0,1.0,0.0,0.0,0.0,0.0,0.684931506849315,0.660784007496486,0.638,0.638
1.0,0.673758865248227,0.659528243327126,0.0,1.0,0.0,0.0,0.0,0.0,0.684931506849315,0.6617210682492581,0.639,0.639
1.0,0.673758865248227,0.6604593420235878,0.0,1.0,0.0,0.0,0.0,0.0,0.684931506849315,0.6626581290020302,0.64,0.64
1.0,0.673758865248227,0.6613904407200496,0.0,1.0,0.0,0.0,0.0,0.0,0.684931506849315,0.6635951897548025,0.641,0.641
1.0,0.6808510638297872,0.6623215394165115,0.0,1.0,0.0,0.0,0.0,0.0,0.6917808219178082,0.6645322505075746,0.642,0.642
1.0,0.6808510638297872,0.6632526381129733,0.0,1.0,0.0,0.0,0.0,0.0,0.6917808219178082,0.6654693112603467,0.643,0.643
1.0,0.6808510638297872,0.6641837368094351,0.0,1.0,0.0,0.0,0.0,0.0,0.6917808219178082,0.6664063720131188,0.644,0.644
1.0,0.6808510638297872,0.6651148355058969,0.0,1.0,0.0,0.0,0.0,0.0,0.6917808219178082,0.667343432765891,0.645,0.645
1.0,0.6808510638297872,0.6660459342023588,0.0,1.0,0.0,0.0,0.0,0.0,0.6917808219178082,0.6682804935186631,0.646,0.646
1.0,0.6808510638297872,0.6669770328988206,0.0,1.0,0.0,0.0,0.0,0.0,0.6917808219178082,0.6692175542714353,0.647,0.647
1.0,0.6808510638297872,0.6679081315952824,0.0,1.0,0.0,0.0,0.0,0.0,0.6917808219178082,0.6701546150242074,0.648,0.648
1.0,0.6808510638297872,0.6688392302917442,0.0,1.0,0.0,0.0,0.0,0.0,0.6917808219178082,0.6710916757769795,0.649,0.649
1.0,0.6879432624113475,0.6697703289882061,0.0,1.0,0.0,0.0,0.0,0.0,0.6986301369863013,0.6720287365297517,0.65,0.65
1.0,0.6879432624113475,0.6707014276846679,0.0,1.0,0.0,0.0,0.0,0.0,0.6986301369863013,0.6729657972825238,0.651,0.651
1.0,0.6879432624113475,0.6716325263811297,0.0,1.0,0.0,0.0,0.0,0.0,0.6986301369863013,0.6739028580352959,0.652,0.652
1.0,0.6879432624113475,0.6728739913097455,0.0,1.0,0.0,0.0,0.0,0.0,0.6986301369863013,0.674839918788068,0.653,0.653
1.0,0.6879432624113475,0.6734947237740534,0.0,1.0,0.0,0.0,0.0,0.0,0.6986301369863013,0.6757769795408403,0.654,0.654
1.0,0.6879432624113475,0.6744258224705152,0.0,1.0,0.0,0.0,0.0,0.0,0.6986301369863013,0.6767140402936124,0.655,0.655
1.0,0.6879432624113475,0.675667287399131,0.0,1.0,0.0,0.0,0.0,0.0,0.6986301369863013,0.6776511010463845,0.656,0.656
1.0,0.6879432624113475,0.6765983860955928,0.0,1.0,0.0,0.0,0.0,0.0,0.6986301369863013,0.6785881617991566,0.657,0.657
1.0,0.6950354609929078,0.6775294847920545,0.0,1.0,0.0,0.0,0.0,0.0,0.7054794520547945,0.6795252225519288,0.658,0.658
1.0,0.6950354609929078,0.6784605834885165,0.0,1.0,0.0,0.0,0.0,0.0,0.7054794520547945,0.6804622833047009,0.659,0.659
1.0,0.6950354609929078,0.6793916821849783,0.0,1.0,0.0,0.0,0.0,0.0,0.7054794520547945,0.681399344057473,0.66,0.66
1.0,0.6950354609929078,0.68032278088144,0.0,1.0,0.0,0.0,0.0,0.0,0.7054794520547945,0.6823364048102452,0.661,0.661
1.0,0.6950354609929078,0.6812538795779018,0.0,1.0,0.0,0.0,0.0,0.0,0.7054794520547945,0.6832734655630174,0.662,0.662
1.0,0.6950354609929078,0.6821849782743638,0.0,1.0,0.0,0.0,0.0,0.0,0.7054794520547945,0.6842105263157895,0.663,0.663
1.0,0.6950354609929078,0.6831160769708255,0.0,1.0,0.0,0.0,0.0,0.0,0.7054794520547945,0.6851475870685616,0.664,0.664
1.0,0.6950354609929078,0.6840471756672873,0.0,1.0,0.0,0.0,0.0,0.0,0.7054794520547945,0.6860846478213337,0.665,0.665
1.0,0.7021276595744681,0.6849782743637493,0.0,1.0,0.0,0.0,0.0,0.0,0.7123287671232876,0.6870217085741058,0.666,0.666
1.0,0.7021276595744681,0.685909373060211,0.0,1.0,0.0,0.0,0.0,0.0,0.7123287671232876,0.687958769326878,0.667,0.667
1.0,0.7021276595744681,0.6868404717566728,0.0,1.0,0.0,0.0,0.0,0.0,0.7123287671232876,0.6888958300796502,0.668,0.668
1.0,0.7021276595744681,0.6877715704531346,0.0,1.0,0.0,0.0,0.0,0.0,0.7123287671232876,0.6898328908324223,0.669,0.669
1.0,0.7021276595744681,0.6887026691495965,0.0,1.0,0.0,0.0,0.0,0.0,0.7123287671232876,0.6907699515851944,0.67,0.67
1.0,0.7021276595744681,0.6896337678460583,0.0,1.0,0.0,0.0,0.0,0.0,0.7123287671232876,0.6917070123379666,0.671,0.671
1.0,0.7021276595744681,0.6905648665425201,0.0,1.0,0.0,0.0,0.0,0.0,0.7123287671232876,0.6926440730907387,0.672,0.672
1.0,0.7092198581560284,0.6914959652389819,0.0,1.0,0.0,0.0,0.0,0.0,0.7191780821917808,0.6935811338435108,0.673,0.673
1.0,0.7092198581560284,0.6924270639354438,0.0,1.0,0.0,0.0,0.0,0.0,0.7191780821917808,0.694518194596283,0.674,0.674
1.0,0.7092198581560284,0.6933581626319056,0.0,1.0,0.0,0.0,0.0,0.0,0.7191780821917808,0.6954552553490552,0.675,0.675
1.0,0.7092198581560284,0.6942892613283674,0.0,1.0,0.0,0.0,0.0,0.0,0.7191780821917808,0.6963923161018273,0.676,0.676
1.0,0.7092198581560284,0.6952203600248292,0.0,1.0,0.0,0.0,0.0,0.0,0.7191780821917808,0.6973293768545994,0.677,0.677
1.0,0.7092198581560284,0.6961514587212911,0.0,1.0,0.0,0.0,0.0,0.0,0.7191780821917808,0.6982664376073715,0.678,0.678
1.0,0.7092198581560284,0.6970825574177529,0.0,1.0,0.0,0.0,0.0,0.0,0.7191780821917808,0.6992034983601437,0.679,0.679
1.0,0.7092198581560284,0.6980136561142147,0.0,1.0,0.0,0.0,0.0,0.0,0.7191780821917808,0.7001405591129158,0.68,0.68
1.0,0.7163120567375887,0.6989447548106765,0.0,1.0,0.0,0.0,0.0,0.0,0.726027397260274,0.701077619865688,0.681,0.681
1.0,0.7163120567375887,0.6998758535071384,0.0,1.0,0.0,0.0,0.0,0.0,0.726027397260274,0.7020146806184601,0.682,0.682
1.0,0.7163120567375887,0.7008069522036002,0.0,1.0,0.0,0.0,0.0,0.0,0.726027397260274,0.7029517413712322,0.683,0.683
1.0,0.7163120567375887,0.701738050900062,0.0,1.0,0.0,0.0,0.0,0.0,0.726027397260274,0.7038888021240044,0.684,0.684
1.0,0.7163120567375887,0.7026691495965238,0.0,1.0,0.0,0.0,0.0,0.0,0.726027397260274,0.7048258628767765,0.685,0.685
1.0,0.7163120567375887,0.7036002482929857,0.0,1.0,0.0,0.0,0.0,0.0,0.726027397260274,0.7057629236295486,0.6859999999999999,0.686
1.0,0.7163120567375887,0.7045313469894475,0.0,1.0,0.0,0.0,0.0,0.0,0.726027397260274,0.7066999843823207,0.6869999999999999,0.687
1.0,0.7163120567375887,0.7054624456859093,0.0,1.0,0.0,0.0,0.0,0.0,0.726027397260274,0.707637045135093,0.688,0.6880000000000001
1.0,0.723404255319149,0.7067039106145251,0.0,1.0,0.0,0.0,0.0,0.0,0.732876712328767,0.7085741058878651,0.689,0.6890000000000001
1.0,0.723404255319149,0.7076350093109869,0.0,1.0,0.0,0.0,0.0,0.0,0.732876712328767,0.7095111666406372,0.69,0.6900000000000001
1.0,0.723404255319149,0.7082557417752948,0.0,1.0,0.0,0.0,0.0,0.0,0.732876712328767,0.7104482273934093,0.691,0.6910000000000001
1.0,0.723404255319149,0.7094972067039106,0.0,1.0,0.0,0.0,0.0,0.0,0.732876712328767,0.7113852881461815,0.692,0.6920000000000001
1.0,0.723404255319149,0.7104283054003724,0.0,1.0,0.0,0.0,0.0,0.0,0.732876712328767,0.7123223488989536,0.693,0.6930000000000001
1.0,0.723404255319149,0.7113594040968343,0.0,1.0,0.0,0.0,0.0,0.0,0.732876712328767,0.7132594096517257,0.694,0.6940000000000001
1.0,0.723404255319149,0.7122905027932961,0.0,1.0,0.0,0.0,0.0,0.0,0.732876712328767,0.7141964704044979,0.695,0.6950000000000001
1.0,0.723404255319149,0.7132216014897579,0.0,1.0,0.0,0.0,0.0,0.0,0.732876712328767,0.7151335311572701,0.696,0.696
1.0,0.7304964539007093,0.7141527001862197,0.0,1.0,0.0,0.0,0.0,0.0,0.7397260273972602,0.7160705919100422,0.697,0.697
1.0,0.7304964539007093,0.7150837988826816,0.0,1.0,0.0,0.0,0.0,0.0,0.7397260273972602,0.7170076526628143,0.698,0.698
1.0,0.7304964539007093,0.7160148975791434,0.0,1.0,0.0,0.0,0.0,0.0,0.7397260273972602,0.7179447134155864,0.699,0.699
1.0,0.7304964539007093,0.7169459962756052,0.0,1.0,0.0,0.0,0.0,0.0,0.7397260273972602,0.7188817741683585,0.7,0.7
1.0,0.7304964539007093,0.717877094972067,0.0,1.0,0.0,0.0,0.0,0.0,0.7397260273972602,0.7198188349211307,0.701,0.701
