,,,,,globalP,globalP,globalP,globalP,packetP,packetP,packetP,packetP,sessionP,sessionP,sessionP,sessionP,transactionP,transactionP,transactionP,transactionP
,subscriber_count_Connected,subscriber_count_Idle,subscriber_count_Pending,subscriber_count_Unregistered,phoenix_memory_cm_max_used_chunks_per_pool_count_cm_globalP_ausf,phoenix_memory_pool_create_count_cm_globalP_ausf,phoenix_memory_pool_destroy_count_cm_globalP_ausf,total_allocated_memory_globalP_ausf,phoenix_memory_cm_max_used_chunks_per_pool_count_cm_packetP_ausf,phoenix_memory_pool_create_count_cm_packetP_ausf,phoenix_memory_pool_destroy_count_cm_packetP_ausf,total_allocated_memory_packetP_ausf,phoenix_memory_cm_max_used_chunks_per_pool_count_cm_sessionP_ausf,phoenix_memory_pool_create_count_cm_sessionP_ausf,phoenix_memory_pool_destroy_count_cm_sessionP_ausf,total_allocated_memory_sessionP_ausf,phoenix_memory_cm_max_used_chunks_per_pool_count_cm_transactionP_ausf,phoenix_memory_pool_create_count_cm_transactionP_ausf,phoenix_memory_pool_destroy_count_cm_transactionP_ausf,total_allocated_memory_transactionP_ausf
timestamp,,,,,,,,,,,,,,,,,,,,
2024-07-25 09:31:57,0,0,0,10000,3,24,0,256.0,5,10486,10482,256.0,1,2,1,256.0,3,2113,2109,256.0
2024-07-25 09:31:58,0,0,0,10000,3,24,0,256.0,5,10491,10487,256.0,1,2,1,256.0,3,2114,2110,256.0
2024-07-25 09:31:59,0,0,0,10000,3,24,0,256.0,5,10496,10492,256.0,1,2,1,256.0,3,2115,2111,256.0
2024-07-25 09:32:00,0,0,0,10000,3,24,0,256.0,5,10501,10497,256.0,1,2,1,256.0,3,2116,2112,256.0
2024-07-25 09:32:01,0,0,0,10000,3,24,0,256.0,5,10506,10502,256.0,1,2,1,256.0,3,2117,2113,256.0
2024-07-25 09:32:02,0,0,0,10000,3,24,0,256.0,5,10511,10507,256.0,1,2,1,256.0,3,2118,2114,256.0
2024-07-25 09:32:03,0,0,0,10000,3,24,0,256.0,5,10516,10512,256.0,1,2,1,256.0,3,2119,2115,256.0
2024-07-25 09:32:04,0,0,0,10000,3,24,0,256.0,5,10521,10517,256.0,1,2,1,256.0,3,2120,2116,256.0
2024-07-25 09:32:05,0,0,0,10000,3,24,0,256.0,5,10526,10522,256.0,1,2,1,256.0,3,2121,2117,256.0
2024-07-25 09:32:06,0,0,0,10000,3,24,0,256.0,5,10531,10527,256.0,1,2,1,256.0,3,2122,2118,256.0
2024-07-25 09:32:07,0,0,0,10000,3,24,0,256.0,5,10536,10532,256.0,1,2,1,256.0,3,2123,2119,256.0
2024-07-25 09:32:08,0,0,0,10000,3,24,0,256.0,5,10541,10537,256.0,1,2,1,256.0,3,2124,2120,256.0
2024-07-25 09:32:09,0,0,0,10000,3,24,0,256.0,5,10546,10542,256.0,1,2,1,256.0,3,2125,2121,256.0
2024-07-25 09:32:10,0,0,0,10000,3,24,0,256.0,5,10551,10547,256.0,1,2,1,256.0,3,2126,2122,256.0
2024-07-25 09:32:11,0,0,0,10000,3,24,0,256.0,5,10556,10552,256.0,1,2,1,256.0,3,2127,2123,256.0
2024-07-25 09:32:12,0,0,0,10000,3,24,0,256.0,5,10561,10557,256.0,1,2,1,256.0,3,2128,2124,256.0
2024-07-25 09:32:13,0,0,0,10000,3,24,0,256.0,5,10566,10562,256.0,1,2,1,256.0,3,2129,2125,256.0
2024-07-25 09:32:14,0,0,0,10000,3,24,0,256.0,5,10571,10567,256.0,1,2,1,256.0,3,2130,2126,256.0
2024-07-25 09:32:15,0,0,0,10000,3,24,0,256.0,5,10576,10572,256.0,1,2,1,256.0,3,2131,2127,256.0
2024-07-25 09:32:16,0,0,0,10000,3,24,0,256.0,5,10581,10577,256.0,1,2,1,256.0,3,2132,2128,256.0
2024-07-25 09:32:17,0,0,0,10000,3,24,0,256.0,5,10586,10582,256.0,1,2,1,256.0,3,2133,2129,256.0
2024-07-25 09:32:18,0,0,0,10000,3,24,0,256.0,5,10591,10587,256.0,1,2,1,256.0,3,2134,2130,256.0
2024-07-25 09:32:19,0,0,0,10000,3,24,0,256.0,5,10596,10592,256.0,1,2,1,256.0,3,2135,2131,256.0
2024-07-25 09:32:20,0,0,0,10000,3,24,0,256.0,5,10601,10597,256.0,1,2,1,256.0,3,2136,2132,256.0
2024-07-25 09:32:21,0,0,0,10000,3,24,0,256.0,5,10606,10602,256.0,1,2,1,256.0,3,2137,2133,256.0
2024-07-25 09:32:22,0,0,0,10000,3,24,0,256.0,5,10611,10607,256.0,1,2,1,256.0,3,2138,2134,256.0
2024-07-25 09:32:23,0,0,0,10000,3,24,0,256.0,5,10616,10612,256.0,1,2,1,256.0,3,2139,2135,256.0
2024-07-25 09:32:24,0,0,0,10000,3,24,0,256.0,5,10621,10617,256.0,1,2,1,256.0,3,2140,2136,256.0
2024-07-25 09:32:25,0,0,0,10000,3,24,0,256.0,5,10626,10622,256.0,1,2,1,256.0,3,2141,2137,256.0
2024-07-25 09:32:26,0,0,0,10000,3,24,0,256.0,5,10631,10627,256.0,1,2,1,256.0,3,2142,2138,256.0
2024-07-25 09:32:27,0,0,0,10000,3,24,0,256.0,5,10636,10632,256.0,1,2,1,256.0,3,2143,2139,256.0
2024-07-25 09:32:28,0,0,0,10000,3,24,0,256.0,5,10641,10637,256.0,1,2,1,256.0,3,2144,2140,256.0
2024-07-25 09:32:29,0,0,0,10000,3,24,0,256.0,5,10646,10642,256.0,1,2,1,256.0,3,2145,2141,256.0
2024-07-25 09:32:30,0,0,0,10000,3,24,0,256.0,5,10651,10647,256.0,1,2,1,256.0,3,2146,2142,256.0
2024-07-25 09:32:31,0,0,0,10000,3,24,0,256.0,5,10656,10652,256.0,1,2,1,256.0,3,2147,2143,256.0
2024-07-25 09:32:32,0,0,0,10000,3,24,0,256.0,5,10661,10657,256.0,1,2,1,256.0,3,2148,2144,256.0
2024-07-25 09:32:33,0,0,0,10000,3,24,0,256.0,5,10666,10662,256.0,1,2,1,256.0,3,2149,2145,256.0
2024-07-25 09:32:34,0,0,0,10000,3,24,0,256.0,5,10671,10667,256.0,1,2,1,256.0,3,2150,2146,256.0
2024-07-25 09:32:35,0,0,0,10000,3,24,0,256.0,5,10676,10672,256.0,1,2,1,256.0,3,2151,2147,256.0
2024-07-25 09:32:36,0,0,0,10000,3,24,0,256.0,5,10681,10677,256.0,1,2,1,256.0,3,2152,2148,256.0
2024-07-25 09:32:37,0,0,0,10000,3,24,0,256.0,5,10686,10682,256.0,1,2,1,256.0,3,2153,2149,256.0
2024-07-25 09:32:38,0,0,0,10000,3,24,0,256.0,5,10691,10687,256.0,1,2,1,256.0,3,2154,2150,256.0
2024-07-25 09:32:39,0,0,0,10000,3,24,0,256.0,5,10696,10692,256.0,1,2,1,256.0,3,2155,2151,256.0
2024-07-25 09:32:40,0,0,0,10000,3,24,0,256.0,5,10701,10697,256.0,1,2,1,256.0,3,2156,2152,256.0
2024-07-25 09:32:41,0,0,0,10000,3,24,0,256.0,5,10706,10702,256.0,1,2,1,256.0,3,2157,2153,256.0
2024-07-25 09:32:42,0,0,0,10000,3,24,0,256.0,5,10711,10707,256.0,1,2,1,256.0,3,2158,2154,256.0
2024-07-25 09:32:43,0,0,0,10000,3,24,0,256.0,5,10716,10712,256.0,1,2,1,256.0,3,2159,2155,256.0
2024-07-25 09:32:44,0,0,0,10000,3,24,0,256.0,5,10721,10717,256.0,1,2,1,256.0,3,2160,2156,256.0
2024-07-25 09:32:45,0,0,0,10000,3,24,0,256.0,5,10726,10722,256.0,1,2,1,256.0,3,2161,2157,256.0
2024-07-25 09:32:46,0,0,0,10000,3,24,0,256.0,5,10731,10727,256.0,1,2,1,256.0,3,2162,2158,256.0
2024-07-25 09:32:47,0,0,0,10000,3,24,0,256.0,5,10736,10732,256.0,1,2,1,256.0,3,2163,2159,256.0
2024-07-25 09:32:48,0,0,0,10000,3,24,0,256.0,5,10741,10737,256.0,1,2,1,256.0,3,2164,2160,256.0
2024-07-25 09:32:49,0,0,0,10000,3,24,0,256.0,5,10746,10742,256.0,1,2,1,256.0,3,2165,2161,256.0
2024-07-25 09:32:50,0,0,0,10000,3,24,0,256.0,5,10751,10747,256.0,1,2,1,256.0,3,2166,2162,256.0
2024-07-25 09:32:51,0,0,0,10000,3,24,0,256.0,5,10756,10752,256.0,1,2,1,256.0,3,2167,2163,256.0
2024-07-25 09:32:52,0,0,0,10000,3,24,0,256.0,5,10761,10757,256.0,1,2,1,256.0,3,2168,2164,256.0
2024-07-25 09:32:53,0,0,0,10000,3,24,0,256.0,5,10766,10762,256.0,1,2,1,256.0,3,2169,2165,256.0
2024-07-25 09:32:54,0,0,0,10000,3,24,0,256.0,5,10771,10767,256.0,1,2,1,256.0,3,2170,2166,256.0
2024-07-25 09:32:55,0,0,0,10000,3,24,0,256.0,5,10776,10772,256.0,1,2,1,256.0,3,2171,2167,256.0
2024-07-25 09:32:56,0,0,0,10000,3,24,0,256.0,5,10781,10777,256.0,1,2,1,256.0,3,2172,2168,256.0
2024-07-25 09:32:57,0,0,0,10000,3,24,0,256.0,5,10786,10782,256.0,1,2,1,256.0,3,2173,2169,256.0
2024-07-25 09:32:58,0,0,0,10000,3,24,0,256.0,5,10791,10787,256.0,1,2,1,256.0,3,2174,2170,256.0
2024-07-25 09:32:59,0,0,0,10000,3,24,0,256.0,5,10796,10792,256.0,1,2,1,256.0,3,2175,2171,256.0
2024-07-25 09:33:00,0,0,0,10000,3,24,0,256.0,5,10801,10797,256.0,1,2,1,256.0,3,2176,2172,256.0
2024-07-25 09:33:01,0,0,0,10000,3,24,0,256.0,5,10806,10802,256.0,1,2,1,256.0,3,2177,2173,256.0
2024-07-25 09:33:02,0,0,0,10000,3,24,0,256.0,5,10811,10807,256.0,1,2,1,256.0,3,2178,2174,256.0
2024-07-25 09:33:03,0,0,0,10000,3,24,0,256.0,5,10816,10812,256.0,1,2,1,256.0,3,2179,2175,256.0
2024-07-25 09:33:04,0,0,0,10000,3,24,0,256.0,5,10821,10817,256.0,1,2,1,256.0,3,2180,2176,256.0
2024-07-25 09:33:05,0,0,0,10000,3,24,0,256.0,5,10826,10822,256.0,1,2,1,256.0,3,2181,2177,256.0
2024-07-25 09:33:06,0,0,0,10000,3,24,0,256.0,5,10831,10827,256.0,1,2,1,256.0,3,2182,2178,256.0
2024-07-25 09:33:07,0,0,0,10000,3,24,0,256.0,5,10836,10832,256.0,1,2,1,256.0,3,2183,2179,256.0
2024-07-25 09:33:08,0,0,0,10000,3,24,0,256.0,5,10841,10837,256.0,1,2,1,256.0,3,2184,2180,256.0
2024-07-25 09:33:09,0,0,0,10000,3,24,0,256.0,5,10846,10842,256.0,1,2,1,256.0,3,2185,2181,256.0
2024-07-25 09:33:10,0,0,0,10000,3,24,0,256.0,5,10851,10847,256.0,1,2,1,256.0,3,2186,2182,256.0
2024-07-25 09:33:11,0,0,0,10000,3,24,0,256.0,5,10856,10852,256.0,1,2,1,256.0,3,2187,2183,256.0
2024-07-25 09:33:12,0,0,0,10000,3,24,0,256.0,5,10861,10857,256.0,1,2,1,256.0,3,2188,2184,256.0
2024-07-25 09:33:13,0,0,0,10000,3,24,0,256.0,5,10866,10862,256.0,1,2,1,256.0,3,2189,2185,256.0
2024-07-25 09:33:14,0,0,0,10000,3,24,0,256.0,5,10871,10867,256.0,1,2,1,256.0,3,2190,2186,256.0
2024-07-25 09:33:15,0,0,0,10000,3,24,0,256.0,5,10876,10872,256.0,1,2,1,256.0,3,2191,2187,256.0
2024-07-25 09:33:16,0,0,0,10000,3,24,0,256.0,5,10881,10877,256.0,1,2,1,256.0,3,2192,2188,256.0
2024-07-25 09:33:17,0,0,0,10000,3,24,0,256.0,5,10886,10882,256.0,1,2,1,256.0,3,2193,2189,256.0
2024-07-25 09:33:18,0,0,0,10000,3,24,0,256.0,5,10891,10887,256.0,1,2,1,256.0,3,2194,2190,256.0
2024-07-25 09:33:19,0,0,0,10000,3,24,0,256.0,5,10896,10892,256.0,1,2,1,256.0,3,2195,2191,256.0
2024-07-25 09:33:20,0,0,0,10000,3,24,0,256.0,5,10901,10897,256.0,1,2,1,256.0,3,2196,2192,256.0
2024-07-25 09:33:21,0,0,0,10000,3,24,0,256.0,5,10906,10902,256.0,1,2,1,256.0,3,2197,2193,256.0
2024-07-25 09:33:22,0,0,0,10000,3,24,0,256.0,5,10911,10907,256.0,1,2,1,256.0,3,2198,2194,256.0
2024-07-25 09:33:23,0,0,0,10000,3,24,0,256.0,5,10916,10912,256.0,1,2,1,256.0,3,2199,2195,256.0
2024-07-25 09:33:24,0,0,0,10000,3,24,0,256.0,5,10921,10917,256.0,1,2,1,256.0,3,2200,2196,256.0
2024-07-25 09:33:25,0,0,0,10000,3,24,0,256.0,5,10926,10922,256.0,1,2,1,256.0,3,2201,2197,256.0
2024-07-25 09:33:26,0,0,0,10000,3,24,0,256.0,5,10931,10927,256.0,1,2,1,256.0,3,2202,2198,256.0
2024-07-25 09:33:27,0,0,0,10000,3,24,0,256.0,5,10936,10932,256.0,1,2,1,256.0,3,2203,2199,256.0
2024-07-25 09:33:28,0,0,0,10000,3,24,0,256.0,5,10941,10937,256.0,1,2,1,256.0,3,2204,2200,256.0
2024-07-25 09:33:29,0,0,0,10000,3,24,0,256.0,5,10946,10942,256.0,1,2,1,256.0,3,2205,2201,256.0
2024-07-25 09:33:30,0,0,0,10000,3,24,0,256.0,5,10951,10947,256.0,1,2,1,256.0,3,2206,2202,256.0
2024-07-25 09:33:31,0,0,0,10000,3,24,0,256.0,5,10956,10952,256.0,1,2,1,256.0,3,2207,2203,256.0
2024-07-25 09:33:32,0,0,0,10000,3,24,0,256.0,5,10961,10957,256.0,1,2,1,256.0,3,2208,2204,256.0
2024-07-25 09:33:33,0,0,0,10000,3,24,0,256.0,5,10966,10962,256.0,1,2,1,256.0,3,2209,2205,256.0
2024-07-25 09:33:34,0,0,0,10000,3,24,0,256.0,5,10971,10967,256.0,1,2,1,256.0,3,2210,2206,256.0
2024-07-25 09:33:35,0,0,0,10000,3,24,0,256.0,5,10976,10972,256.0,1,2,1,256.0,3,2211,2207,256.0
2024-07-25 09:33:36,0,0,0,10000,3,24,0,256.0,5,10981,10977,256.0,1,2,1,256.0,3,2212,2208,256.0
2024-07-25 09:33:37,0,0,0,10000,3,24,0,256.0,5,10986,10982,256.0,1,2,1,256.0,3,2213,2209,256.0
2024-07-25 09:33:38,0,0,0,10000,3,24,0,256.0,5,10991,10987,256.0,1,2,1,256.0,3,2214,2210,256.0
2024-07-25 09:33:39,0,0,0,10000,3,24,0,256.0,5,10996,10992,256.0,1,2,1,256.0,3,2215,2211,256.0
2024-07-25 09:33:40,0,0,0,10000,3,24,0,256.0,5,11001,10997,256.0,1,2,1,256.0,3,2216,2212,256.0
2024-07-25 09:33:41,0,0,0,10000,3,24,0,256.0,5,11006,11002,256.0,1,2,1,256.0,3,2217,2213,256.0
2024-07-25 09:33:42,0,0,0,10000,3,24,0,256.0,5,11011,11007,256.0,1,2,1,256.0,3,2218,2214,256.0
2024-07-25 09:33:43,0,0,0,10000,3,24,0,256.0,5,11016,11012,256.0,1,2,1,256.0,3,2219,2215,256.0
2024-07-25 09:33:44,0,0,0,10000,3,24,0,256.0,5,11021,11017,256.0,1,2,1,256.0,3,2220,2216,256.0
2024-07-25 09:33:45,0,0,0,10000,3,24,0,256.0,5,11026,11022,256.0,1,2,1,256.0,3,2221,2217,256.0
2024-07-25 09:33:46,0,0,0,10000,3,24,0,256.0,5,11031,11027,256.0,1,2,1,256.0,3,2222,2218,256.0
2024-07-25 09:33:47,0,0,0,10000,3,24,0,256.0,5,11036,11032,256.0,1,2,1,256.0,3,2223,2219,256.0
2024-07-25 09:33:48,0,0,0,10000,3,24,0,256.0,5,11041,11037,256.0,1,2,1,256.0,3,2224,2220,256.0
2024-07-25 09:33:49,0,0,0,10000,3,24,0,256.0,5,11046,11042,256.0,1,2,1,256.0,3,2225,2221,256.0
2024-07-25 09:33:50,0,0,0,10000,3,24,0,256.0,5,11051,11047,256.0,1,2,1,256.0,3,2226,2222,256.0
2024-07-25 09:33:51,0,0,0,10000,3,24,0,256.0,5,11056,11052,256.0,1,2,1,256.0,3,2227,2223,256.0
2024-07-25 09:33:52,0,0,0,10000,3,24,0,256.0,5,11061,11057,256.0,1,2,1,256.0,3,2228,2224,256.0
2024-07-25 09:33:53,0,0,0,10000,3,24,0,256.0,5,11066,11062,256.0,1,2,1,256.0,3,2229,2225,256.0
2024-07-25 09:33:54,0,0,0,10000,3,24,0,256.0,5,11071,11067,256.0,1,2,1,256.0,3,2230,2226,256.0
2024-07-25 09:33:55,0,0,0,10000,3,24,0,256.0,5,11076,11072,256.0,1,2,1,256.0,3,2231,2227,256.0
2024-07-25 09:33:56,0,0,0,10000,3,24,0,256.0,5,11081,11077,256.0,1,2,1,256.0,3,2232,2228,256.0
2024-07-25 09:33:57,0,0,0,10000,3,24,0,256.0,5,11086,11082,256.0,1,2,1,256.0,3,2233,2229,256.0
2024-07-25 09:33:58,0,0,0,10000,3,24,0,256.0,5,11091,11087,256.0,1,2,1,256.0,3,2234,2230,256.0
2024-07-25 09:33:59,0,0,0,10000,3,24,0,256.0,5,11096,11092,256.0,1,2,1,256.0,3,2235,2231,256.0
2024-07-25 09:34:00,0,0,0,10000,3,24,0,256.0,5,11101,11097,256.0,1,2,1,256.0,3,2236,2232,256.0
2024-07-25 09:34:01,0,0,0,10000,3,24,0,256.0,5,11106,11102,256.0,1,2,1,256.0,3,2237,2233,256.0
2024-07-25 09:34:02,0,0,0,10000,3,24,0,256.0,5,11111,11107,256.0,1,2,1,256.0,3,2238,2234,256.0
2024-07-25 09:34:03,0,0,0,10000,3,24,0,256.0,5,11116,11112,256.0,1,2,1,256.0,3,2239,2235,256.0
2024-07-25 09:34:04,0,0,0,10000,3,24,0,256.0,5,11121,11117,256.0,1,2,1,256.0,3,2240,2236,256.0
2024-07-25 09:34:05,0,0,0,10000,3,24,0,256.0,5,11126,11122,256.0,1,2,1,256.0,3,2241,2237,256.0
2024-07-25 09:34:06,0,0,0,10000,3,24,0,256.0,5,11131,11127,256.0,1,2,1,256.0,3,2242,2238,256.0
2024-07-25 09:34:07,0,0,0,10000,3,24,0,256.0,5,11136,11132,256.0,1,2,1,256.0,3,2243,2239,256.0
2024-07-25 09:34:08,0,0,0,10000,3,24,0,256.0,5,11141,11137,256.0,1,2,1,256.0,3,2244,2240,256.0
2024-07-25 09:34:09,0,0,0,10000,3,24,0,256.0,5,11146,11142,256.0,1,2,1,256.0,3,2245,2241,256.0
2024-07-25 09:34:10,0,0,0,10000,3,24,0,256.0,5,11151,11147,256.0,1,2,1,256.0,3,2246,2242,256.0
2024-07-25 09:34:11,0,0,0,10000,3,24,0,256.0,5,11156,11152,256.0,1,2,1,256.0,3,2247,2243,256.0
2024-07-25 09:34:12,0,0,0,10000,3,24,0,256.0,5,11161,11157,256.0,1,2,1,256.0,3,2248,2244,256.0
2024-07-25 09:34:13,0,0,0,10000,3,24,0,256.0,5,11166,11162,256.0,1,2,1,256.0,3,2249,2245,256.0
2024-07-25 09:34:14,0,0,0,10000,3,24,0,256.0,5,11171,11167,256.0,1,2,1,256.0,3,2250,2246,256.0
2024-07-25 09:34:15,0,0,0,10000,3,24,0,256.0,5,11176,11172,256.0,1,2,1,256.0,3,2251,2247,256.0
2024-07-25 09:34:16,0,0,0,10000,3,24,0,256.0,5,11181,11177,256.0,1,2,1,256.0,3,2252,2248,256.0
2024-07-25 09:34:17,0,0,0,10000,3,24,0,256.0,5,11186,11182,256.0,1,2,1,256.0,3,2253,2249,256.0
2024-07-25 09:34:18,0,0,0,10000,3,24,0,256.0,5,11191,11187,256.0,1,2,1,256.0,3,2254,2250,256.0
2024-07-25 09:34:19,0,0,0,10000,3,24,0,256.0,5,11196,11192,256.0,1,2,1,256.0,3,2255,2251,256.0
2024-07-25 09:34:20,0,0,0,10000,3,24,0,256.0,5,11201,11197,256.0,1,2,1,256.0,3,2256,2252,256.0
2024-07-25 09:34:21,0,0,0,10000,3,24,0,256.0,5,11206,11202,256.0,1,2,1,256.0,3,2257,2253,256.0
2024-07-25 09:34:22,0,0,0,10000,3,24,0,256.0,5,11211,11207,256.0,1,2,1,256.0,3,2258,2254,256.0
2024-07-25 09:34:23,0,0,0,10000,3,24,0,256.0,5,11216,11212,256.0,1,2,1,256.0,3,2259,2255,256.0
2024-07-25 09:34:24,0,0,0,10000,3,24,0,256.0,5,11221,11217,256.0,1,2,1,256.0,3,2260,2256,256.0
2024-07-25 09:34:25,0,0,0,10000,3,24,0,256.0,5,11226,11222,256.0,1,2,1,256.0,3,2261,2257,256.0
2024-07-25 09:34:26,0,0,0,10000,3,24,0,256.0,5,11231,11227,256.0,1,2,1,256.0,3,2262,2258,256.0
2024-07-25 09:34:27,0,0,0,10000,3,24,0,256.0,5,11236,11232,256.0,1,2,1,256.0,3,2263,2259,256.0
2024-07-25 09:34:28,0,0,0,10000,3,24,0,256.0,5,11241,11237,256.0,1,2,1,256.0,3,2264,2260,256.0
2024-07-25 09:34:29,0,0,0,10000,3,24,0,256.0,5,11246,11242,256.0,1,2,1,256.0,3,2265,2261,256.0
2024-07-25 09:34:30,0,0,0,10000,3,24,0,256.0,5,11251,11247,256.0,1,2,1,256.0,3,2266,2262,256.0
2024-07-25 09:34:31,0,0,0,10000,3,24,0,256.0,5,11256,11252,256.0,1,2,1,256.0,3,2267,2263,256.0
2024-07-25 09:34:32,0,0,0,10000,3,24,0,256.0,5,11261,11257,256.0,1,2,1,256.0,3,2268,2264,256.0
2024-07-25 09:34:33,0,0,0,10000,3,24,0,256.0,5,11266,11262,256.0,1,2,1,256.0,3,2269,2265,256.0
2024-07-25 09:34:34,0,0,0,10000,3,24,0,256.0,5,11271,11267,256.0,1,2,1,256.0,3,2270,2266,256.0
2024-07-25 09:34:35,0,0,0,10000,3,24,0,256.0,5,11276,11272,256.0,1,2,1,256.0,3,2271,2267,256.0
2024-07-25 09:34:36,0,0,0,10000,3,24,0,256.0,5,11281,11277,256.0,1,2,1,256.0,3,2272,2268,256.0
2024-07-25 09:34:37,0,0,0,10000,3,24,0,256.0,5,11286,11282,256.0,1,2,1,256.0,3,2273,2269,256.0
2024-07-25 09:34:38,0,0,0,10000,3,24,0,256.0,5,11291,11287,256.0,1,2,1,256.0,3,2274,2270,256.0
2024-07-25 09:34:39,0,0,0,10000,3,24,0,256.0,5,11296,11292,256.0,1,2,1,256.0,3,2275,2271,256.0
2024-07-25 09:34:40,0,0,0,10000,3,24,0,256.0,5,11301,11297,256.0,1,2,1,256.0,3,2276,2272,256.0
2024-07-25 09:34:41,0,0,0,10000,3,24,0,256.0,5,11306,11302,256.0,1,2,1,256.0,3,2277,2273,256.0
2024-07-25 09:34:42,0,0,0,10000,3,24,0,256.0,5,11311,11307,256.0,1,2,1,256.0,3,2278,2274,256.0
2024-07-25 09:34:43,0,0,0,10000,3,24,0,256.0,5,11316,11312,256.0,1,2,1,256.0,3,2279,2275,256.0
2024-07-25 09:34:44,0,0,0,10000,3,24,0,256.0,5,11321,11317,256.0,1,2,1,256.0,3,2280,2276,256.0
2024-07-25 09:34:45,0,0,0,10000,3,24,0,256.0,5,11326,11322,256.0,1,2,1,256.0,3,2281,2277,256.0
2024-07-25 09:34:46,0,0,0,10000,3,24,0,256.0,5,11331,11327,256.0,1,2,1,256.0,3,2282,2278,256.0
2024-07-25 09:34:47,0,0,0,10000,3,24,0,256.0,5,11336,11332,256.0,1,2,1,256.0,3,2283,2279,256.0
2024-07-25 09:34:48,0,0,0,10000,3,24,0,256.0,5,11341,11337,256.0,1,2,1,256.0,3,2284,2280,256.0
2024-07-25 09:34:49,0,0,0,10000,3,24,0,256.0,5,11346,11342,256.0,1,2,1,256.0,3,2285,2281,256.0
2024-07-25 09:34:50,0,0,0,10000,3,24,0,256.0,5,11351,11347,256.0,1,2,1,256.0,3,2286,2282,256.0
2024-07-25 09:34:51,0,0,0,10000,3,24,0,256.0,5,11356,11352,256.0,1,2,1,256.0,3,2287,2283,256.0
2024-07-25 09:34:52,0,0,0,10000,3,24,0,256.0,5,11361,11357,256.0,1,2,1,256.0,3,2288,2284,256.0
2024-07-25 09:34:53,0,0,0,10000,3,24,0,256.0,5,11366,11362,256.0,1,2,1,256.0,3,2289,2285,256.0
2024-07-25 09:34:54,0,0,0,10000,3,24,0,256.0,5,11371,11367,256.0,1,2,1,256.0,3,2290,2286,256.0
2024-07-25 09:34:55,0,0,0,10000,3,24,0,256.0,5,11376,11372,256.0,1,2,1,256.0,3,2291,2287,256.0
2024-07-25 09:34:56,0,0,0,10000,3,24,0,256.0,5,11381,11377,256.0,1,2,1,256.0,3,2292,2288,256.0
2024-07-25 09:34:57,0,0,0,10000,3,24,0,256.0,5,11386,11382,256.0,1,2,1,256.0,3,2293,2289,256.0
2024-07-25 09:34:58,0,0,0,10000,3,24,0,256.0,5,11391,11387,256.0,1,2,1,256.0,3,2294,2290,256.0
2024-07-25 09:34:59,0,0,0,10000,3,24,0,256.0,5,11396,11392,256.0,1,2,1,256.0,3,2295,2291,256.0
2024-07-25 09:35:00,0,0,0,10000,3,24,0,256.0,5,11401,11397,256.0,1,2,1,256.0,3,2296,2292,256.0
2024-07-25 09:35:01,0,0,0,10000,3,24,0,256.0,5,11406,11402,256.0,1,2,1,256.0,3,2297,2293,256.0
2024-07-25 09:35:02,0,0,0,10000,3,24,0,256.0,5,11411,11407,256.0,1,2,1,256.0,3,2298,2294,256.0
2024-07-25 09:35:03,0,0,0,10000,3,24,0,256.0,5,11416,11412,256.0,1,2,1,256.0,3,2299,2295,256.0
2024-07-25 09:35:04,0,0,0,10000,3,24,0,256.0,5,11421,11417,256.0,1,2,1,256.0,3,2300,2296,256.0
2024-07-25 09:35:05,0,0,0,10000,3,24,0,256.0,5,11426,11422,256.0,1,2,1,256.0,3,2301,2297,256.0
2024-07-25 09:35:06,0,0,0,10000,3,24,0,256.0,5,11431,11427,256.0,1,2,1,256.0,3,2302,2298,256.0
2024-07-25 09:35:07,0,0,0,10000,3,24,0,256.0,5,11436,11432,256.0,1,2,1,256.0,3,2303,2299,256.0
2024-07-25 09:35:08,0,0,0,10000,3,24,0,256.0,5,11441,11437,256.0,1,2,1,256.0,3,2304,2300,256.0
2024-07-25 09:35:09,0,0,0,10000,3,24,0,256.0,5,11446,11442,256.0,1,2,1,256.0,3,2305,2301,256.0
2024-07-25 09:35:10,0,0,0,10000,3,24,0,256.0,5,11451,11447,256.0,1,2,1,256.0,3,2306,2302,256.0
2024-07-25 09:35:11,0,0,0,10000,3,24,0,256.0,5,11456,11452,256.0,1,2,1,256.0,3,2307,2303,256.0
2024-07-25 09:35:12,0,0,0,10000,3,24,0,256.0,5,11461,11457,256.0,1,2,1,256.0,3,2308,2304,256.0
2024-07-25 09:35:13,0,0,0,10000,3,24,0,256.0,5,11466,11462,256.0,1,2,1,256.0,3,2309,2305,256.0
2024-07-25 09:35:14,0,0,0,10000,3,24,0,256.0,5,11471,11467,256.0,1,2,1,256.0,3,2310,2306,256.0
2024-07-25 09:35:15,0,0,0,10000,3,24,0,256.0,5,11476,11472,256.0,1,2,1,256.0,3,2311,2307,256.0
2024-07-25 09:35:16,0,0,0,10000,3,24,0,256.0,5,11481,11477,256.0,1,2,1,256.0,3,2312,2308,256.0
2024-07-25 09:35:17,0,0,0,10000,3,24,0,256.0,5,11486,11482,256.0,1,2,1,256.0,3,2313,2309,256.0
2024-07-25 09:35:18,0,0,0,10000,3,24,0,256.0,5,11491,11487,256.0,1,2,1,256.0,3,2314,2310,256.0
2024-07-25 09:35:19,0,0,0,10000,3,24,0,256.0,5,11496,11492,256.0,1,2,1,256.0,3,2315,2311,256.0
2024-07-25 09:35:20,0,0,0,10000,3,24,0,256.0,5,11501,11497,256.0,1,2,1,256.0,3,2316,2312,256.0
2024-07-25 09:35:21,0,0,0,10000,3,24,0,256.0,5,11506,11502,256.0,1,2,1,256.0,3,2317,2313,256.0
2024-07-25 09:35:22,0,0,0,10000,3,24,0,256.0,5,11511,11507,256.0,1,2,1,256.0,3,2318,2314,256.0
2024-07-25 09:35:23,0,0,0,10000,3,24,0,256.0,5,11516,11512,256.0,1,2,1,256.0,3,2319,2315,256.0
2024-07-25 09:35:24,0,0,0,10000,3,24,0,256.0,5,11521,11517,256.0,1,2,1,256.0,3,2320,2316,256.0
2024-07-25 09:35:25,0,0,0,10000,3,24,0,256.0,5,11526,11522,256.0,1,2,1,256.0,3,2321,2317,256.0
2024-07-25 09:35:26,0,0,0,10000,3,24,0,256.0,5,11531,11527,256.0,1,2,1,256.0,3,2322,2318,256.0
2024-07-25 09:35:27,0,0,0,10000,3,24,0,256.0,5,11536,11532,256.0,1,2,1,256.0,3,2323,2319,256.0
2024-07-25 09:35:28,0,0,0,10000,3,24,0,256.0,5,11541,11537,256.0,1,2,1,256.0,3,2324,2320,256.0
2024-07-25 09:35:29,0,0,0,10000,3,24,0,256.0,5,11546,11542,256.0,1,2,1,256.0,3,2325,2321,256.0
2024-07-25 09:35:30,0,0,0,10000,3,24,0,256.0,5,11551,11547,256.0,1,2,1,256.0,3,2326,2322,256.0
2024-07-25 09:35:31,0,0,0,10000,3,24,0,256.0,5,11556,11552,256.0,1,2,1,256.0,3,2327,2323,256.0
2024-07-25 09:35:32,0,0,0,10000,3,24,0,256.0,5,11561,11557,256.0,1,2,1,256.0,3,2328,2324,256.0
2024-07-25 09:35:33,0,0,0,10000,3,24,0,256.0,5,11566,11562,256.0,1,2,1,256.0,3,2329,2325,256.0
2024-07-25 09:35:34,0,0,0,10000,3,24,0,256.0,5,11571,11567,256.0,1,2,1,256.0,3,2330,2326,256.0
2024-07-25 09:35:35,0,0,0,10000,3,24,0,256.0,5,11576,11572,256.0,1,2,1,256.0,3,2331,2327,256.0
2024-07-25 09:35:36,0,0,0,10000,3,24,0,256.0,5,11581,11577,256.0,1,2,1,256.0,3,2332,2328,256.0
2024-07-25 09:35:37,0,0,0,10000,3,24,0,256.0,5,11586,11582,256.0,1,2,1,256.0,3,2333,2329,256.0
2024-07-25 09:35:38,0,0,0,10000,3,24,0,256.0,5,11591,11587,256.0,1,2,1,256.0,3,2334,2330,256.0
2024-07-25 09:35:39,0,0,0,10000,3,24,0,256.0,5,11596,11592,256.0,1,2,1,256.0,3,2335,2331,256.0
2024-07-25 09:35:40,0,0,0,10000,3,24,0,256.0,5,11601,11597,256.0,1,2,1,256.0,3,2336,2332,256.0
2024-07-25 09:35:41,0,0,0,10000,3,24,0,256.0,5,11606,11602,256.0,1,2,1,256.0,3,2337,2333,256.0
2024-07-25 09:35:42,0,0,0,10000,3,24,0,256.0,5,11611,11607,256.0,1,2,1,256.0,3,2338,2334,256.0
2024-07-25 09:35:43,0,0,0,10000,3,24,0,256.0,5,11616,11612,256.0,1,2,1,256.0,3,2339,2335,256.0
2024-07-25 09:35:44,0,0,0,10000,3,24,0,256.0,5,11621,11617,256.0,1,2,1,256.0,3,2340,2336,256.0
2024-07-25 09:35:45,0,0,0,10000,3,24,0,256.0,5,11626,11622,256.0,1,2,1,256.0,3,2341,2337,256.0
2024-07-25 09:35:46,0,0,0,10000,3,24,0,256.0,5,11631,11627,256.0,1,2,1,256.0,3,2342,2338,256.0
2024-07-25 09:35:47,0,0,0,10000,3,24,0,256.0,5,11636,11632,256.0,1,2,1,256.0,3,2343,2339,256.0
2024-07-25 09:35:48,0,0,0,10000,3,24,0,256.0,5,11641,11637,256.0,1,2,1,256.0,3,2344,2340,256.0
2024-07-25 09:35:49,0,0,0,10000,3,24,0,256.0,5,11646,11642,256.0,1,2,1,256.0,3,2345,2341,256.0
2024-07-25 09:35:50,0,0,0,10000,3,24,0,256.0,5,11651,11647,256.0,1,2,1,256.0,3,2346,2342,256.0
2024-07-25 09:35:51,0,0,0,10000,3,24,0,256.0,5,11656,11652,256.0,1,2,1,256.0,3,2347,2343,256.0
2024-07-25 09:35:52,0,0,0,10000,3,24,0,256.0,5,11661,11657,256.0,1,2,1,256.0,3,2348,2344,256.0
2024-07-25 09:35:53,0,0,0,10000,3,24,0,256.0,5,11666,11662,256.0,1,2,1,256.0,3,2349,2345,256.0
2024-07-25 09:35:54,0,0,0,10000,3,24,0,256.0,5,11671,11667,256.0,1,2,1,256.0,3,2350,2346,256.0
2024-07-25 09:35:55,0,0,0,10000,3,24,0,256.0,5,11676,11672,256.0,1,2,1,256.0,3,2351,2347,256.0
2024-07-25 09:35:56,0,0,0,10000,3,24,0,256.0,5,11681,11677,256.0,1,2,1,256.0,3,2352,2348,256.0
2024-07-25 09:35:57,0,0,0,10000,3,24,0,256.0,5,11686,11682,256.0,1,2,1,256.0,3,2353,2349,256.0
2024-07-25 09:35:58,0,0,0,10000,3,24,0,256.0,5,11691,11687,256.0,1,2,1,256.0,3,2354,2350,256.0
2024-07-25 09:35:59,0,0,0,10000,3,24,0,256.0,5,11696,11692,256.0,1,2,1,256.0,3,2355,2351,256.0
2024-07-25 09:36:00,0,0,0,10000,3,24,0,256.0,5,11701,11697,256.0,1,2,1,256.0,3,2356,2352,256.0
2024-07-25 09:36:01,0,0,0,10000,3,24,0,256.0,5,11706,11702,256.0,1,2,1,256.0,3,2357,2353,256.0
2024-07-25 09:36:02,0,0,0,10000,3,24,0,256.0,5,11711,11707,256.0,1,2,1,256.0,3,2358,2354,256.0
2024-07-25 09:36:03,0,0,0,10000,3,24,0,256.0,5,11716,11712,256.0,1,2,1,256.0,3,2359,2355,256.0
2024-07-25 09:36:04,0,0,0,10000,3,24,0,256.0,5,11721,11717,256.0,1,2,1,256.0,3,2360,2356,256.0
2024-07-25 09:36:05,0,0,0,10000,3,24,0,256.0,5,11726,11722,256.0,1,2,1,256.0,3,2361,2357,256.0
2024-07-25 09:36:06,0,0,0,10000,3,24,0,256.0,5,11731,11727,256.0,1,2,1,256.0,3,2362,2358,256.0
2024-07-25 09:36:07,0,0,0,10000,3,24,0,256.0,5,11736,11732,256.0,1,2,1,256.0,3,2363,2359,256.0
2024-07-25 09:36:08,0,0,0,10000,3,24,0,256.0,5,11741,11737,256.0,1,2,1,256.0,3,2364,2360,256.0
2024-07-25 09:36:09,0,0,0,10000,3,24,0,256.0,5,11746,11742,256.0,1,2,1,256.0,3,2365,2361,256.0
2024-07-25 09:36:10,0,0,0,10000,3,24,0,256.0,5,11751,11747,256.0,1,2,1,256.0,3,2366,2362,256.0
2024-07-25 09:36:11,0,0,0,10000,3,24,0,256.0,5,11756,11752,256.0,1,2,1,256.0,3,2367,2363,256.0
2024-07-25 09:36:12,0,0,0,10000,3,24,0,256.0,5,11761,11757,256.0,1,2,1,256.0,3,2368,2364,256.0
2024-07-25 09:36:13,0,0,0,10000,3,24,0,256.0,5,11766,11762,256.0,1,2,1,256.0,3,2369,2365,256.0
2024-07-25 09:36:14,0,0,0,10000,3,24,0,256.0,5,11771,11767,256.0,1,2,1,256.0,3,2370,2366,256.0
2024-07-25 09:36:15,0,0,0,10000,3,24,0,256.0,5,11776,11772,256.0,1,2,1,256.0,3,2371,2367,256.0
2024-07-25 09:36:16,0,0,0,10000,3,24,0,256.0,5,11781,11777,256.0,1,2,1,256.0,3,2372,2368,256.0
2024-07-25 09:36:17,0,0,0,10000,3,24,0,256.0,5,11786,11782,256.0,1,2,1,256.0,3,2373,2369,256.0
2024-07-25 09:36:18,0,0,0,10000,3,24,0,256.0,5,11791,11787,256.0,1,2,1,256.0,3,2374,2370,256.0
2024-07-25 09:36:19,0,0,0,10000,3,24,0,256.0,5,11796,11792,256.0,1,2,1,256.0,3,2375,2371,256.0
2024-07-25 09:36:20,0,0,0,10000,3,24,0,256.0,5,11801,11797,256.0,1,2,1,256.0,3,2376,2372,256.0
2024-07-25 09:36:21,0,0,0,10000,3,24,0,256.0,5,11806,11802,256.0,1,2,1,256.0,3,2377,2373,256.0
2024-07-25 09:36:22,0,0,0,10000,3,24,0,256.0,5,11811,11807,256.0,1,2,1,256.0,3,2378,2374,256.0
2024-07-25 09:36:23,0,0,0,10000,3,24,0,256.0,5,11816,11812,256.0,1,2,1,256.0,3,2379,2375,256.0
2024-07-25 09:36:24,0,0,0,10000,3,24,0,256.0,5,11821,11817,256.0,1,2,1,256.0,3,2380,2376,256.0
2024-07-25 09:36:25,0,0,0,10000,3,24,0,256.0,5,11826,11822,256.0,1,2,1,256.0,3,2381,2377,256.0
2024-07-25 09:36:26,0,0,0,10000,3,24,0,256.0,5,11831,11827,256.0,1,2,1,256.0,3,2382,2378,256.0
2024-07-25 09:36:27,0,0,0,10000,3,24,0,256.0,5,11836,11832,256.0,1,2,1,256.0,3,2383,2379,256.0
2024-07-25 09:36:28,0,0,0,10000,3,24,0,256.0,5,11841,11837,256.0,1,2,1,256.0,3,2384,2380,256.0
2024-07-25 09:36:29,0,0,0,10000,3,24,0,256.0,5,11846,11842,256.0,1,2,1,256.0,3,2385,2381,256.0
2024-07-25 09:36:30,0,0,0,10000,3,24,0,256.0,5,11851,11847,256.0,1,2,1,256.0,3,2386,2382,256.0
2024-07-25 09:36:31,0,0,0,10000,3,24,0,256.0,5,11856,11852,256.0,1,2,1,256.0,3,2387,2383,256.0
2024-07-25 09:36:32,0,0,0,10000,3,24,0,256.0,5,11861,11857,256.0,1,2,1,256.0,3,2388,2384,256.0
2024-07-25 09:36:33,0,0,0,10000,3,24,0,256.0,5,11866,11862,256.0,1,2,1,256.0,3,2389,2385,256.0
2024-07-25 09:36:34,0,0,0,10000,3,24,0,256.0,5,11871,11867,256.0,1,2,1,256.0,3,2390,2386,256.0
2024-07-25 09:36:35,0,0,0,10000,3,24,0,256.0,5,11876,11872,256.0,1,2,1,256.0,3,2391,2387,256.0
2024-07-25 09:36:36,0,0,0,10000,3,24,0,256.0,5,11881,11877,256.0,1,2,1,256.0,3,2392,2388,256.0
2024-07-25 09:36:37,0,0,0,10000,3,24,0,256.0,5,11886,11882,256.0,1,2,1,256.0,3,2393,2389,256.0
2024-07-25 09:36:38,0,0,0,10000,3,24,0,256.0,5,11891,11887,256.0,1,2,1,256.0,3,2394,2390,256.0
2024-07-25 09:36:39,0,0,0,10000,3,24,0,256.0,5,11896,11892,256.0,1,2,1,256.0,3,2395,2391,256.0
2024-07-25 09:36:40,0,0,0,10000,3,24,0,256.0,5,11901,11897,256.0,1,2,1,256.0,3,2396,2392,256.0
2024-07-25 09:36:41,0,0,0,10000,3,24,0,256.0,5,11906,11902,256.0,1,2,1,256.0,3,2397,2393,256.0
2024-07-25 09:36:42,0,0,0,10000,3,24,0,256.0,5,11911,11907,256.0,1,2,1,256.0,3,2398,2394,256.0
2024-07-25 09:36:43,0,0,0,10000,3,24,0,256.0,5,11916,11912,256.0,1,2,1,256.0,3,2399,2395,256.0
2024-07-25 09:36:44,0,0,0,10000,3,24,0,256.0,5,11921,11917,256.0,1,2,1,256.0,3,2400,2396,256.0
2024-07-25 09:36:45,0,0,0,10000,3,24,0,256.0,5,11926,11922,256.0,1,2,1,256.0,3,2401,2397,256.0
2024-07-25 09:36:46,0,0,0,10000,3,24,0,256.0,5,11931,11927,256.0,1,2,1,256.0,3,2402,2398,256.0
2024-07-25 09:36:47,0,0,0,10000,3,24,0,256.0,5,11936,11932,256.0,1,2,1,256.0,3,2403,2399,256.0
2024-07-25 09:36:48,0,0,0,10000,3,24,0,256.0,5,11941,11937,256.0,1,2,1,256.0,3,2404,2400,256.0
2024-07-25 09:36:49,0,0,0,10000,3,24,0,256.0,5,11946,11942,256.0,1,2,1,256.0,3,2405,2401,256.0
2024-07-25 09:36:50,0,0,0,10000,3,24,0,256.0,5,11951,11947,256.0,1,2,1,256.0,3,2406,2402,256.0
2024-07-25 09:36:51,0,0,0,10000,3,24,0,256.0,5,11956,11952,256.0,1,2,1,256.0,3,2407,2403,256.0
2024-07-25 09:36:52,0,0,0,10000,3,24,0,256.0,5,11961,11957,256.0,1,2,1,256.0,3,2408,2404,256.0
2024-07-25 09:36:53,0,0,0,10000,3,24,0,256.0,5,11966,11962,256.0,1,2,1,256.0,3,2409,2405,256.0
2024-07-25 09:36:54,0,0,0,10000,3,24,0,256.0,5,11971,11967,256.0,1,2,1,256.0,3,2410,2406,256.0
2024-07-25 09:36:55,0,0,0,10000,3,24,0,256.0,5,11976,11972,256.0,1,2,1,256.0,3,2411,2407,256.0
2024-07-25 09:36:56,0,0,0,10000,3,24,0,256.0,5,11981,11977,256.0,1,2,1,256.0,3,2412,2408,256.0
2024-07-25 09:36:57,0,0,0,10000,3,24,0,256.0,5,11986,11982,256.0,1,2,1,256.0,3,2413,2409,256.0
2024-07-25 09:36:58,0,0,0,10000,3,24,0,256.0,5,11991,11987,256.0,1,2,1,256.0,3,2414,2410,256.0
2024-07-25 09:36:59,0,0,0,10000,3,24,0,256.0,5,11996,11992,256.0,1,2,1,256.0,3,2415,2411,256.0
2024-07-25 09:37:00,0,0,0,10000,3,24,0,256.0,5,12001,11997,256.0,1,2,1,256.0,3,2416,2412,256.0
2024-07-25 09:37:01,0,0,0,10000,3,24,0,256.0,5,12006,12002,256.0,1,2,1,256.0,3,2417,2413,256.0
2024-07-25 09:37:02,0,0,0,10000,3,24,0,256.0,5,12011,12007,256.0,1,2,1,256.0,3,2418,2414,256.0
2024-07-25 09:37:03,0,0,0,10000,3,24,0,256.0,5,12016,12012,256.0,1,2,1,256.0,3,2419,2415,256.0
2024-07-25 09:37:04,0,0,0,10000,3,24,0,256.0,5,12021,12017,256.0,1,2,1,256.0,3,2420,2416,256.0
2024-07-25 09:37:05,0,0,0,10000,3,24,0,256.0,5,12026,12022,256.0,1,2,1,256.0,3,2421,2417,256.0
2024-07-25 09:37:06,0,0,0,10000,3,24,0,256.0,5,12031,12027,256.0,1,2,1,256.0,3,2422,2418,256.0
2024-07-25 09:37:07,0,0,0,10000,3,24,0,256.0,5,12036,12032,256.0,1,2,1,256.0,3,2423,2419,256.0
2024-07-25 09:37:08,0,0,0,10000,3,24,0,256.0,5,12041,12037,256.0,1,2,1,256.0,3,2424,2420,256.0
2024-07-25 09:37:09,0,0,0,10000,3,24,0,256.0,5,12046,12042,256.0,1,2,1,256.0,3,2425,2421,256.0
2024-07-25 09:37:10,0,0,0,10000,3,24,0,256.0,5,12051,12047,256.0,1,2,1,256.0,3,2426,2422,256.0
2024-07-25 09:37:11,0,0,0,10000,3,24,0,256.0,5,12056,12052,256.0,1,2,1,256.0,3,2427,2423,256.0
2024-07-25 09:37:12,0,0,0,10000,3,24,0,256.0,5,12061,12057,256.0,1,2,1,256.0,3,2428,2424,256.0
2024-07-25 09:37:13,0,0,0,10000,3,24,0,256.0,5,12066,12062,256.0,1,2,1,256.0,3,2429,2425,256.0
2024-07-25 09:37:14,0,0,0,10000,3,24,0,256.0,5,12071,12067,256.0,1,2,1,256.0,3,2430,2426,256.0
2024-07-25 09:37:15,0,0,0,10000,3,24,0,256.0,5,12076,12072,256.0,1,2,1,256.0,3,2431,2427,256.0
2024-07-25 09:37:16,0,0,0,10000,3,24,0,256.0,5,12081,12077,256.0,1,2,1,256.0,3,2432,2428,256.0
2024-07-25 09:37:17,0,0,0,10000,3,24,0,256.0,5,12086,12082,256.0,1,2,1,256.0,3,2433,2429,256.0
2024-07-25 09:37:18,0,0,0,10000,3,24,0,256.0,5,12091,12087,256.0,1,2,1,256.0,3,2434,2430,256.0
2024-07-25 09:37:19,0,0,0,10000,3,24,0,256.0,5,12096,12092,256.0,1,2,1,256.0,3,2435,2431,256.0
2024-07-25 09:37:20,0,0,0,10000,3,24,0,256.0,5,12101,12097,256.0,1,2,1,256.0,3,2436,2432,256.0
2024-07-25 09:37:21,0,0,0,10000,3,24,0,256.0,5,12106,12102,256.0,1,2,1,256.0,3,2437,2433,256.0
2024-07-25 09:37:22,0,0,0,10000,3,24,0,256.0,5,12111,12107,256.0,1,2,1,256.0,3,2438,2434,256.0
2024-07-25 09:37:23,0,0,0,10000,3,24,0,256.0,5,12116,12112,256.0,1,2,1,256.0,3,2439,2435,256.0
2024-07-25 09:37:24,0,0,0,10000,3,24,0,256.0,5,12121,12117,256.0,1,2,1,256.0,3,2440,2436,256.0
2024-07-25 09:37:25,0,0,0,10000,3,24,0,256.0,5,12126,12122,256.0,1,2,1,256.0,3,2441,2437,256.0
2024-07-25 09:37:26,0,0,0,10000,3,24,0,256.0,5,12131,12127,256.0,1,2,1,256.0,3,2442,2438,256.0
2024-07-25 09:37:27,0,0,0,10000,3,24,0,256.0,5,12136,12132,256.0,1,2,1,256.0,3,2443,2439,256.0
2024-07-25 09:37:28,0,0,0,10000,3,24,0,256.0,5,12141,12137,256.0,1,2,1,256.0,3,2444,2440,256.0
2024-07-25 09:37:29,0,0,0,10000,3,24,0,256.0,5,12146,12142,256.0,1,2,1,256.0,3,2445,2441,256.0
2024-07-25 09:37:30,0,0,0,10000,3,24,0,256.0,5,12151,12147,256.0,1,2,1,256.0,3,2446,2442,256.0
2024-07-25 09:37:31,0,0,0,10000,3,24,0,256.0,5,12156,12152,256.0,1,2,1,256.0,3,2447,2443,256.0
2024-07-25 09:37:32,0,0,0,10000,3,24,0,256.0,5,12161,12157,256.0,1,2,1,256.0,3,2448,2444,256.0
2024-07-25 09:37:33,0,0,0,10000,3,24,0,256.0,5,12166,12162,256.0,1,2,1,256.0,3,2449,2445,256.0
2024-07-25 09:37:34,0,0,0,10000,3,24,0,256.0,5,12171,12167,256.0,1,2,1,256.0,3,2450,2446,256.0
2024-07-25 09:37:35,0,0,0,10000,3,24,0,256.0,5,12176,12172,256.0,1,2,1,256.0,3,2451,2447,256.0
2024-07-25 09:37:36,0,0,0,10000,3,24,0,256.0,5,12181,12177,256.0,1,2,1,256.0,3,2452,2448,256.0
2024-07-25 09:37:37,0,0,0,10000,3,24,0,256.0,5,12186,12182,256.0,1,2,1,256.0,3,2453,2449,256.0
2024-07-25 09:37:38,0,0,0,10000,3,24,0,256.0,5,12191,12187,256.0,1,2,1,256.0,3,2454,2450,256.0
2024-07-25 09:37:39,0,0,0,10000,3,24,0,256.0,5,12196,12192,256.0,1,2,1,256.0,3,2455,2451,256.0
2024-07-25 09:37:40,0,0,0,10000,3,24,0,256.0,5,12201,12197,256.0,1,2,1,256.0,3,2456,2452,256.0
2024-07-25 09:37:41,0,0,0,10000,3,24,0,256.0,5,12206,12202,256.0,1,2,1,256.0,3,2457,2453,256.0
2024-07-25 09:37:42,0,0,0,10000,3,24,0,256.0,5,12211,12207,256.0,1,2,1,256.0,3,2458,2454,256.0
2024-07-25 09:37:43,0,0,0,10000,3,24,0,256.0,5,12216,12212,256.0,1,2,1,256.0,3,2459,2455,256.0
2024-07-25 09:37:44,0,0,0,10000,3,24,0,256.0,5,12221,12217,256.0,1,2,1,256.0,3,2460,2456,256.0
2024-07-25 09:37:45,0,0,0,10000,3,24,0,256.0,5,12226,12222,256.0,1,2,1,256.0,3,2461,2457,256.0
2024-07-25 09:37:46,0,0,0,10000,3,24,0,256.0,5,12231,12227,256.0,1,2,1,256.0,3,2462,2458,256.0
2024-07-25 09:37:47,0,0,0,10000,3,24,0,256.0,5,12236,12232,256.0,1,2,1,256.0,3,2463,2459,256.0
2024-07-25 09:37:48,0,0,0,10000,3,24,0,256.0,5,12241,12237,256.0,1,2,1,256.0,3,2464,2460,256.0
2024-07-25 09:37:49,0,0,0,10000,3,24,0,256.0,5,12246,12242,256.0,1,2,1,256.0,3,2465,2461,256.0
2024-07-25 09:37:50,0,0,0,10000,3,24,0,256.0,5,12251,12247,256.0,1,2,1,256.0,3,2466,2462,256.0
2024-07-25 09:37:51,0,0,0,10000,3,24,0,256.0,5,12256,12252,256.0,1,2,1,256.0,3,2467,2463,256.0
2024-07-25 09:37:52,0,0,0,10000,3,24,0,256.0,5,12261,12257,256.0,1,2,1,256.0,3,2468,2464,256.0
2024-07-25 09:37:53,0,0,0,10000,3,24,0,256.0,5,12266,12262,256.0,1,2,1,256.0,3,2469,2465,256.0
2024-07-25 09:37:54,0,0,0,10000,3,24,0,256.0,5,12271,12267,256.0,1,2,1,256.0,3,2470,2466,256.0
2024-07-25 09:37:55,0,0,0,10000,3,24,0,256.0,5,12276,12272,256.0,1,2,1,256.0,3,2471,2467,256.0
2024-07-25 09:37:56,0,0,0,10000,3,24,0,256.0,5,12281,12277,256.0,1,2,1,256.0,3,2472,2468,256.0
2024-07-25 09:37:57,0,0,0,10000,3,24,0,256.0,5,12286,12282,256.0,1,2,1,256.0,3,2473,2469,256.0
2024-07-25 09:37:58,0,0,0,10000,3,24,0,256.0,5,12291,12287,256.0,1,2,1,256.0,3,2474,2470,256.0
2024-07-25 09:37:59,0,0,0,10000,3,24,0,256.0,5,12296,12292,256.0,1,2,1,256.0,3,2475,2471,256.0
2024-07-25 09:38:00,0,0,0,10000,3,24,0,256.0,5,12301,12297,256.0,1,2,1,256.0,3,2476,2472,256.0
2024-07-25 09:38:01,0,0,0,10000,3,24,0,256.0,5,12306,12302,256.0,1,2,1,256.0,3,2477,2473,256.0
2024-07-25 09:38:02,0,0,0,10000,3,24,0,256.0,5,12311,12307,256.0,1,2,1,256.0,3,2478,2474,256.0
2024-07-25 09:38:03,0,0,0,10000,3,24,0,256.0,5,12316,12312,256.0,1,2,1,256.0,3,2479,2475,256.0
2024-07-25 09:38:04,0,0,0,10000,3,24,0,256.0,5,12321,12317,256.0,1,2,1,256.0,3,2480,2476,256.0
2024-07-25 09:38:05,0,0,0,10000,3,24,0,256.0,5,12326,12322,256.0,1,2,1,256.0,3,2481,2477,256.0
2024-07-25 09:38:06,0,0,0,10000,3,24,0,256.0,5,12331,12327,256.0,1,2,1,256.0,3,2482,2478,256.0
2024-07-25 09:38:07,0,0,0,10000,3,24,0,256.0,5,12336,12332,256.0,1,2,1,256.0,3,2483,2479,256.0
2024-07-25 09:38:08,0,0,0,10000,3,24,0,256.0,5,12341,12337,256.0,1,2,1,256.0,3,2484,2480,256.0
2024-07-25 09:38:09,0,0,0,10000,3,24,0,256.0,5,12346,12342,256.0,1,2,1,256.0,3,2485,2481,256.0
2024-07-25 09:38:10,0,0,0,10000,3,24,0,256.0,5,12351,12347,256.0,1,2,1,256.0,3,2486,2482,256.0
2024-07-25 09:38:11,0,0,0,10000,3,24,0,256.0,5,12356,12352,256.0,1,2,1,256.0,3,2487,2483,256.0
2024-07-25 09:38:12,0,0,0,10000,3,24,0,256.0,5,12361,12357,256.0,1,2,1,256.0,3,2488,2484,256.0
2024-07-25 09:38:13,0,0,0,10000,3,24,0,256.0,5,12366,12362,256.0,1,2,1,256.0,3,2489,2485,256.0
2024-07-25 09:38:14,0,0,0,10000,3,24,0,256.0,5,12371,12367,256.0,1,2,1,256.0,3,2490,2486,256.0
2024-07-25 09:38:15,0,0,0,10000,3,24,0,256.0,5,12376,12372,256.0,1,2,1,256.0,3,2491,2487,256.0
2024-07-25 09:38:16,0,0,0,10000,3,24,0,256.0,5,12381,12377,256.0,1,2,1,256.0,3,2492,2488,256.0
2024-07-25 09:38:17,0,0,0,10000,3,24,0,256.0,5,12386,12382,256.0,1,2,1,256.0,3,2493,2489,256.0
2024-07-25 09:38:18,0,0,0,10000,3,24,0,256.0,5,12391,12387,256.0,1,2,1,256.0,3,2494,2490,256.0
2024-07-25 09:38:19,0,0,0,10000,3,24,0,256.0,5,12396,12392,256.0,1,2,1,256.0,3,2495,2491,256.0
2024-07-25 09:38:20,0,0,0,10000,3,24,0,256.0,5,12401,12397,256.0,1,2,1,256.0,3,2496,2492,256.0
2024-07-25 09:38:21,0,0,0,10000,3,24,0,256.0,5,12406,12402,256.0,1,2,1,256.0,3,2497,2493,256.0
2024-07-25 09:38:22,0,0,0,10000,3,24,0,256.0,5,12411,12407,256.0,1,2,1,256.0,3,2498,2494,256.0
2024-07-25 09:38:23,0,0,0,10000,3,24,0,256.0,5,12416,12412,256.0,1,2,1,256.0,3,2499,2495,256.0
2024-07-25 09:38:24,0,0,0,10000,3,24,0,256.0,5,12421,12417,256.0,1,2,1,256.0,3,2500,2496,256.0
2024-07-25 09:38:25,0,0,0,10000,3,24,0,256.0,5,12426,12422,256.0,1,2,1,256.0,3,2501,2497,256.0
2024-07-25 09:38:26,0,0,0,10000,3,24,0,256.0,5,12431,12427,256.0,1,2,1,256.0,3,2502,2498,256.0
2024-07-25 09:38:27,0,0,0,10000,3,24,0,256.0,5,12436,12432,256.0,1,2,1,256.0,3,2503,2499,256.0
2024-07-25 09:38:28,0,0,0,10000,3,24,0,256.0,5,12441,12437,256.0,1,2,1,256.0,3,2504,2500,256.0
2024-07-25 09:38:29,0,0,0,10000,3,24,0,256.0,5,12446,12442,256.0,1,2,1,256.0,3,2505,2501,256.0
2024-07-25 09:38:30,0,0,0,10000,3,24,0,256.0,5,12451,12447,256.0,1,2,1,256.0,3,2506,2502,256.0
2024-07-25 09:38:31,0,0,0,10000,3,24,0,256.0,5,12456,12452,256.0,1,2,1,256.0,3,2507,2503,256.0
2024-07-25 09:38:32,0,0,0,10000,3,24,0,256.0,5,12461,12457,256.0,1,2,1,256.0,3,2508,2504,256.0
2024-07-25 09:38:33,0,0,0,10000,3,24,0,256.0,5,12466,12462,256.0,1,2,1,256.0,3,2509,2505,256.0
2024-07-25 09:38:34,0,0,0,10000,3,24,0,256.0,5,12471,12467,256.0,1,2,1,256.0,3,2510,2506,256.0
2024-07-25 09:38:35,0,0,0,10000,3,24,0,256.0,5,12476,12472,256.0,1,2,1,256.0,3,2511,2507,256.0
2024-07-25 09:38:36,0,0,0,10000,3,24,0,256.0,5,12481,12477,256.0,1,2,1,256.0,3,2512,2508,256.0
2024-07-25 09:38:37,0,0,0,10000,3,24,0,256.0,5,12486,12482,256.0,1,2,1,256.0,3,2513,2509,256.0
2024-07-25 09:38:38,0,0,0,10000,3,24,0,256.0,5,12491,12487,256.0,1,2,1,256.0,3,2514,2510,256.0
2024-07-25 09:38:39,0,0,0,10000,3,24,0,256.0,5,12496,12492,256.0,1,2,1,256.0,3,2515,2511,256.0
2024-07-25 09:38:40,0,0,0,10000,3,24,0,256.0,5,12501,12497,256.0,1,2,1,256.0,3,2516,2512,256.0
2024-07-25 09:38:41,0,0,0,10000,3,24,0,256.0,5,12506,12502,256.0,1,2,1,256.0,3,2517,2513,256.0
2024-07-25 09:38:42,0,0,0,10000,3,24,0,256.0,5,12511,12507,256.0,1,2,1,256.0,3,2518,2514,256.0
2024-07-25 09:38:43,0,0,0,10000,3,24,0,256.0,5,12516,12512,256.0,1,2,1,256.0,3,2519,2515,256.0
2024-07-25 09:38:44,0,0,0,10000,3,24,0,256.0,5,12521,12517,256.0,1,2,1,256.0,3,2520,2516,256.0
2024-07-25 09:38:45,0,0,0,10000,3,24,0,256.0,5,12526,12522,256.0,1,2,1,256.0,3,2521,2517,256.0
2024-07-25 09:38:46,0,0,0,10000,3,24,0,256.0,5,12531,12527,256.0,1,2,1,256.0,3,2522,2518,256.0
2024-07-25 09:38:47,0,0,0,10000,3,24,0,256.0,5,12536,12532,256.0,1,2,1,256.0,3,2523,2519,256.0
2024-07-25 09:38:48,0,0,0,10000,3,24,0,256.0,5,12541,12537,256.0,1,2,1,256.0,3,2524,2520,256.0
2024-07-25 09:38:49,0,0,0,10000,3,24,0,256.0,5,12546,12542,256.0,1,2,1,256.0,3,2525,2521,256.0
2024-07-25 09:38:50,0,0,0,10000,3,24,0,256.0,5,12551,12547,256.0,1,2,1,256.0,3,2526,2522,256.0
2024-07-25 09:38:51,0,0,0,10000,3,24,0,256.0,5,12556,12552,256.0,1,2,1,256.0,3,2527,2523,256.0
2024-07-25 09:38:52,0,0,0,10000,3,24,0,256.0,5,12561,12557,256.0,1,2,1,256.0,3,2528,2524,256.0
2024-07-25 09:38:53,0,0,0,10000,3,24,0,256.0,5,12566,12562,256.0,1,2,1,256.0,3,2529,2525,256.0
2024-07-25 09:38:54,0,0,0,10000,3,24,0,256.0,5,12571,12567,256.0,1,2,1,256.0,3,2530,2526,256.0
2024-07-25 09:38:55,0,0,0,10000,3,24,0,256.0,5,12576,12572,256.0,1,2,1,256.0,3,2531,2527,256.0
2024-07-25 09:38:56,0,0,0,10000,3,24,0,256.0,5,12581,12577,256.0,1,2,1,256.0,3,2532,2528,256.0
2024-07-25 09:38:57,0,0,0,10000,3,24,0,256.0,5,12586,12582,256.0,1,2,1,256.0,3,2533,2529,256.0
2024-07-25 09:38:58,0,0,0,10000,3,24,0,256.0,5,12591,12587,256.0,1,2,1,256.0,3,2534,2530,256.0
2024-07-25 09:38:59,0,0,0,10000,3,24,0,256.0,5,12596,12592,256.0,1,2,1,256.0,3,2535,2531,256.0
2024-07-25 09:39:00,0,0,0,10000,3,24,0,256.0,5,12601,12597,256.0,1,2,1,256.0,3,2536,2532,256.0
2024-07-25 09:39:01,0,0,0,10000,3,24,0,256.0,5,12606,12602,256.0,1,2,1,256.0,3,2537,2533,256.0
2024-07-25 09:39:02,0,0,0,10000,3,24,0,256.0,5,12611,12607,256.0,1,2,1,256.0,3,2538,2534,256.0
2024-07-25 09:39:03,0,0,0,10000,3,24,0,256.0,5,12616,12612,256.0,1,2,1,256.0,3,2539,2535,256.0
2024-07-25 09:39:04,0,0,0,10000,3,24,0,256.0,5,12621,12617,256.0,1,2,1,256.0,3,2540,2536,256.0
2024-07-25 09:39:05,0,0,0,10000,3,24,0,256.0,5,12626,12622,256.0,1,2,1,256.0,3,2541,2537,256.0
2024-07-25 09:39:06,0,0,0,10000,3,24,0,256.0,5,12631,12627,256.0,1,2,1,256.0,3,2542,2538,256.0
2024-07-25 09:39:07,0,0,0,10000,3,24,0,256.0,5,12636,12632,256.0,1,2,1,256.0,3,2543,2539,256.0
2024-07-25 09:39:08,0,0,0,10000,3,24,0,256.0,5,12641,12637,256.0,1,2,1,256.0,3,2544,2540,256.0
2024-07-25 09:39:09,0,0,0,10000,3,24,0,256.0,5,12646,12642,256.0,1,2,1,256.0,3,2545,2541,256.0
2024-07-25 09:39:10,0,0,0,10000,3,24,0,256.0,5,12651,12647,256.0,1,2,1,256.0,3,2546,2542,256.0
2024-07-25 09:39:11,0,0,0,10000,3,24,0,256.0,5,12656,12652,256.0,1,2,1,256.0,3,2547,2543,256.0
2024-07-25 09:39:12,0,0,0,10000,3,24,0,256.0,5,12661,12657,256.0,1,2,1,256.0,3,2548,2544,256.0
2024-07-25 09:39:13,0,0,0,10000,3,24,0,256.0,5,12666,12662,256.0,1,2,1,256.0,3,2549,2545,256.0
2024-07-25 09:39:14,0,0,0,10000,3,24,0,256.0,5,12671,12667,256.0,1,2,1,256.0,3,2550,2546,256.0
2024-07-25 09:39:15,0,0,0,10000,3,24,0,256.0,5,12676,12672,256.0,1,2,1,256.0,3,2551,2547,256.0
2024-07-25 09:39:16,0,0,0,10000,3,24,0,256.0,5,12681,12677,256.0,1,2,1,256.0,3,2552,2548,256.0
2024-07-25 09:39:17,0,0,0,10000,3,24,0,256.0,5,12686,12682,256.0,1,2,1,256.0,3,2553,2549,256.0
2024-07-25 09:39:18,0,0,0,10000,3,24,0,256.0,5,12691,12687,256.0,1,2,1,256.0,3,2554,2550,256.0
2024-07-25 09:39:19,0,0,0,10000,3,24,0,256.0,5,12696,12692,256.0,1,2,1,256.0,3,2555,2551,256.0
2024-07-25 09:39:20,0,0,0,10000,3,24,0,256.0,5,12701,12697,256.0,1,2,1,256.0,3,2556,2552,256.0
2024-07-25 09:39:21,0,0,0,10000,3,24,0,256.0,5,12706,12702,256.0,1,2,1,256.0,3,2557,2553,256.0
2024-07-25 09:39:22,0,0,0,10000,3,24,0,256.0,5,12711,12707,256.0,1,2,1,256.0,3,2558,2554,256.0
2024-07-25 09:39:23,0,0,0,10000,3,24,0,256.0,5,12716,12712,256.0,1,2,1,256.0,3,2559,2555,256.0
2024-07-25 09:39:24,0,0,0,10000,3,24,0,256.0,5,12721,12717,256.0,1,2,1,256.0,3,2560,2556,256.0
2024-07-25 09:39:25,0,0,0,10000,3,24,0,256.0,5,12726,12722,256.0,1,2,1,256.0,3,2561,2557,256.0
2024-07-25 09:39:26,0,0,0,10000,3,24,0,256.0,5,12731,12727,256.0,1,2,1,256.0,3,2562,2558,256.0
2024-07-25 09:39:27,0,0,0,10000,3,24,0,256.0,5,12736,12732,256.0,1,2,1,256.0,3,2563,2559,256.0
2024-07-25 09:39:28,0,0,0,10000,3,24,0,256.0,5,12741,12737,256.0,1,2,1,256.0,3,2564,2560,256.0
2024-07-25 09:39:29,0,0,0,10000,3,24,0,256.0,5,12746,12742,256.0,1,2,1,256.0,3,2565,2561,256.0
2024-07-25 09:39:30,0,0,0,10000,3,24,0,256.0,5,12751,12747,256.0,1,2,1,256.0,3,2566,2562,256.0
2024-07-25 09:39:31,0,0,0,10000,3,24,0,256.0,5,12756,12752,256.0,1,2,1,256.0,3,2567,2563,256.0
2024-07-25 09:39:32,0,0,0,10000,3,24,0,256.0,5,12761,12757,256.0,1,2,1,256.0,3,2568,2564,256.0
2024-07-25 09:39:33,0,0,0,10000,3,24,0,256.0,5,12766,12762,256.0,1,2,1,256.0,3,2569,2565,256.0
2024-07-25 09:39:34,0,0,0,10000,3,24,0,256.0,5,12771,12767,256.0,1,2,1,256.0,3,2570,2566,256.0
2024-07-25 09:39:35,0,0,0,10000,3,24,0,256.0,5,12776,12772,256.0,1,2,1,256.0,3,2571,2567,256.0
2024-07-25 09:39:36,0,0,0,10000,3,24,0,256.0,5,12781,12777,256.0,1,2,1,256.0,3,2572,2568,256.0
2024-07-25 09:39:37,0,0,0,10000,3,24,0,256.0,5,12786,12782,256.0,1,2,1,256.0,3,2573,2569,256.0
2024-07-25 09:39:38,0,0,0,10000,3,24,0,256.0,5,12791,12787,256.0,1,2,1,256.0,3,2574,2570,256.0
2024-07-25 09:39:39,0,0,0,10000,3,24,0,256.0,5,12796,12792,256.0,1,2,1,256.0,3,2575,2571,256.0
2024-07-25 09:39:40,0,0,0,10000,3,24,0,256.0,5,12801,12797,256.0,1,2,1,256.0,3,2576,2572,256.0
2024-07-25 09:39:41,0,0,0,10000,3,24,0,256.0,5,12806,12802,256.0,1,2,1,256.0,3,2577,2573,256.0
2024-07-25 09:39:42,0,0,0,10000,3,24,0,256.0,5,12811,12807,256.0,1,2,1,256.0,3,2578,2574,256.0
2024-07-25 09:39:43,0,0,0,10000,3,24,0,256.0,5,12816,12812,256.0,1,2,1,256.0,3,2579,2575,256.0
2024-07-25 09:39:44,0,0,0,10000,3,24,0,256.0,5,12821,12817,256.0,1,2,1,256.0,3,2580,2576,256.0
2024-07-25 09:39:45,0,0,0,10000,3,24,0,256.0,5,12826,12822,256.0,1,2,1,256.0,3,2581,2577,256.0
2024-07-25 09:39:46,0,0,0,10000,3,24,0,256.0,5,12831,12827,256.0,1,2,1,256.0,3,2582,2578,256.0
2024-07-25 09:39:47,0,0,0,10000,3,24,0,256.0,5,12836,12832,256.0,1,2,1,256.0,3,2583,2579,256.0
2024-07-25 09:39:48,0,0,0,10000,3,24,0,256.0,5,12841,12837,256.0,1,2,1,256.0,3,2584,2580,256.0
2024-07-25 09:39:49,0,0,0,10000,3,24,0,256.0,5,12846,12842,256.0,1,2,1,256.0,3,2585,2581,256.0
2024-07-25 09:39:50,0,0,0,10000,3,24,0,256.0,5,12851,12847,256.0,1,2,1,256.0,3,2586,2582,256.0
2024-07-25 09:39:51,0,0,0,10000,3,24,0,256.0,5,12856,12852,256.0,1,2,1,256.0,3,2587,2583,256.0
2024-07-25 09:39:52,0,0,0,10000,3,24,0,256.0,5,12861,12857,256.0,1,2,1,256.0,3,2588,2584,256.0
2024-07-25 09:39:53,0,0,0,10000,3,24,0,256.0,5,12866,12862,256.0,1,2,1,256.0,3,2589,2585,256.0
2024-07-25 09:39:54,0,0,0,10000,3,24,0,256.0,5,12871,12867,256.0,1,2,1,256.0,3,2590,2586,256.0
2024-07-25 09:39:55,0,0,0,10000,3,24,0,256.0,5,12876,12872,256.0,1,2,1,256.0,3,2591,2587,256.0
2024-07-25 09:39:56,0,0,0,10000,3,24,0,256.0,5,12881,12877,256.0,1,2,1,256.0,3,2592,2588,256.0
2024-07-25 09:39:57,0,0,0,10000,3,24,0,256.0,5,12886,12882,256.0,1,2,1,256.0,3,2593,2589,256.0
2024-07-25 09:39:58,0,0,0,10000,3,24,0,256.0,5,12891,12887,256.0,1,2,1,256.0,3,2594,2590,256.0
2024-07-25 09:39:59,0,0,0,10000,3,24,0,256.0,5,12896,12892,256.0,1,2,1,256.0,3,2595,2591,256.0
2024-07-25 09:40:00,0,0,0,10000,3,24,0,256.0,5,12901,12897,256.0,1,2,1,256.0,3,2596,2592,256.0
2024-07-25 09:40:01,0,0,0,10000,3,24,0,256.0,5,12906,12902,256.0,1,2,1,256.0,3,2597,2593,256.0
2024-07-25 09:40:02,0,0,0,10000,3,24,0,256.0,5,12911,12907,256.0,1,2,1,256.0,3,2598,2594,256.0
2024-07-25 09:40:03,0,0,0,10000,3,24,0,256.0,5,12916,12912,256.0,1,2,1,256.0,3,2599,2595,256.0
2024-07-25 09:40:04,0,0,0,10000,3,24,0,256.0,5,12921,12917,256.0,1,2,1,256.0,3,2600,2596,256.0
2024-07-25 09:40:05,0,0,0,10000,3,24,0,256.0,5,12926,12922,256.0,1,2,1,256.0,3,2601,2597,256.0
2024-07-25 09:40:06,0,0,0,10000,3,24,0,256.0,5,12931,12927,256.0,1,2,1,256.0,3,2602,2598,256.0
2024-07-25 09:40:07,0,0,0,10000,3,24,0,256.0,5,12936,12932,256.0,1,2,1,256.0,3,2603,2599,256.0
2024-07-25 09:40:08,0,0,0,10000,3,24,0,256.0,5,12941,12937,256.0,1,2,1,256.0,3,2604,2600,256.0
2024-07-25 09:40:09,0,0,0,10000,3,24,0,256.0,5,12946,12942,256.0,1,2,1,256.0,3,2605,2601,256.0
2024-07-25 09:40:10,0,0,0,10000,3,24,0,256.0,5,12951,12947,256.0,1,2,1,256.0,3,2606,2602,256.0
2024-07-25 09:40:11,0,0,0,10000,3,24,0,256.0,5,12956,12952,256.0,1,2,1,256.0,3,2607,2603,256.0
2024-07-25 09:40:12,0,0,0,10000,3,24,0,256.0,5,12961,12957,256.0,1,2,1,256.0,3,2608,2604,256.0
2024-07-25 09:40:13,0,0,0,10000,3,24,0,256.0,5,12966,12962,256.0,1,2,1,256.0,3,2609,2605,256.0
2024-07-25 09:40:14,0,0,0,10000,3,24,0,256.0,5,12971,12967,256.0,1,2,1,256.0,3,2610,2606,256.0
2024-07-25 09:40:15,0,0,0,10000,3,24,0,256.0,5,12976,12972,256.0,1,2,1,256.0,3,2611,2607,256.0
2024-07-25 09:40:16,0,0,0,10000,3,24,0,256.0,5,12981,12977,256.0,1,2,1,256.0,3,2612,2608,256.0
2024-07-25 09:40:17,0,0,0,10000,3,24,0,256.0,5,12986,12982,256.0,1,2,1,256.0,3,2613,2609,256.0
2024-07-25 09:40:18,0,0,0,10000,3,24,0,256.0,5,12991,12987,256.0,1,2,1,256.0,3,2614,2610,256.0
2024-07-25 09:40:19,0,0,0,10000,3,24,0,256.0,5,12996,12992,256.0,1,2,1,256.0,3,2615,2611,256.0
