,,,,,globalP,globalP,globalP,packetP,packetP,packetP,sessionP,sessionP,sessionP,transactionP,transactionP,transactionP
,subscriber_count_Connected,subscriber_count_Idle,subscriber_count_Pending,subscriber_count_Unregistered,phoenix_memory_cm_max_used_chunks_per_pool_count_cm_globalP_ausf,total_allocated_memory_globalP_ausf,chunk_create_count_minus_destroy_count_cm_globalP_ausf,phoenix_memory_cm_max_used_chunks_per_pool_count_cm_packetP_ausf,total_allocated_memory_packetP_ausf,chunk_create_count_minus_destroy_count_cm_packetP_ausf,phoenix_memory_cm_max_used_chunks_per_pool_count_cm_sessionP_ausf,total_allocated_memory_sessionP_ausf,chunk_create_count_minus_destroy_count_cm_sessionP_ausf,phoenix_memory_cm_max_used_chunks_per_pool_count_cm_transactionP_ausf,total_allocated_memory_transactionP_ausf,chunk_create_count_minus_destroy_count_cm_transactionP_ausf
timestamp,,,,,,,,,,,,,,,,
2024-07-26 11:06:37,200,0,0,9800,3,256.0,24,5,256.0,4,1,256.0,1,1,256.0,4
2024-07-26 11:06:38,200,0,0,9800,3,256.0,24,5,256.0,4,1,256.0,1,1,256.0,4
2024-07-26 11:06:39,201,0,0,9799,3,256.0,24,5,256.0,4,1,256.0,1,1,256.0,4
2024-07-26 11:06:40,202,0,0,9798,3,256.0,24,5,256.0,4,1,256.0,1,1,256.0,4
2024-07-26 11:06:41,203,0,0,9797,3,256.0,24,5,256.0,4,1,256.0,1,1,256.0,4
2024-07-26 11:06:42,204,0,0,9796,3,256.0,24,5,256.0,4,1,256.0,1,1,256.0,4
2024-07-26 11:06:43,205,0,0,9795,3,256.0,24,5,256.0,4,1,256.0,1,1,256.0,4
2024-07-26 11:06:44,206,0,0,9794,3,256.0,24,5,256.0,4,1,256.0,1,1,256.0,4
2024-07-26 11:06:45,207,0,0,9793,3,256.0,24,5,256.0,4,1,256.0,1,1,256.0,4
2024-07-26 11:06:46,208,0,0,9792,3,256.0,24,5,256.0,4,1,256.0,1,1,256.0,4
2024-07-26 11:06:47,209,0,0,9791,3,256.0,24,5,256.0,4,1,256.0,1,1,256.0,4
2024-07-26 11:06:48,210,0,0,9790,3,256.0,24,5,256.0,4,1,256.0,1,1,256.0,4
2024-07-26 11:06:49,211,0,0,9789,3,256.0,24,5,256.0,4,1,256.0,1,1,256.0,4
2024-07-26 11:06:50,212,0,0,9788,3,256.0,24,5,256.0,4,1,256.0,1,1,256.0,4
2024-07-26 11:06:51,213,0,0,9787,3,256.0,24,5,256.0,4,1,256.0,1,1,256.0,4
2024-07-26 11:06:52,214,0,0,9786,3,256.0,24,5,256.0,4,1,256.0,1,1,256.0,4
2024-07-26 11:06:53,215,0,0,9785,3,256.0,24,5,256.0,4,1,256.0,1,1,256.0,4
2024-07-26 11:06:54,216,0,0,9784,3,256.0,24,5,256.0,4,1,256.0,1,1,256.0,4
2024-07-26 11:06:55,217,0,0,9783,3,256.0,24,5,256.0,4,1,256.0,1,1,256.0,4
2024-07-26 11:06:56,218,0,0,9782,3,256.0,24,5,256.0,4,1,256.0,1,1,256.0,4
2024-07-26 11:06:57,219,0,0,9781,3,256.0,24,5,256.0,4,1,256.0,1,1,256.0,4
2024-07-26 11:06:58,220,0,0,9780,3,256.0,24,5,256.0,4,1,256.0,1,1,256.0,4
2024-07-26 11:06:59,221,0,0,9779,3,256.0,24,5,256.0,4,1,256.0,1,1,256.0,4
2024-07-26 11:07:00,222,0,0,9778,3,256.0,24,5,256.0,4,1,256.0,1,1,256.0,4
2024-07-26 11:07:01,223,0,0,9777,3,256.0,24,5,256.0,4,1,256.0,1,1,256.0,4
2024-07-26 11:07:02,224,0,0,9776,3,256.0,24,5,256.0,4,1,256.0,1,1,256.0,4
2024-07-26 11:07:03,225,0,0,9775,3,256.0,24,5,256.0,4,1,256.0,1,1,256.0,4
2024-07-26 11:07:04,226,0,0,9774,3,256.0,24,5,256.0,4,1,256.0,1,1,256.0,4
2024-07-26 11:07:05,227,0,0,9773,3,256.0,24,5,256.0,4,1,256.0,1,1,256.0,4
2024-07-26 11:07:06,228,0,0,9772,3,256.0,24,5,256.0,4,1,256.0,1,1,256.0,4
2024-07-26 11:07:07,229,0,0,9771,3,256.0,24,5,256.0,4,1,256.0,1,1,256.0,4
2024-07-26 11:07:08,230,0,0,9770,3,256.0,24,5,256.0,4,1,256.0,1,1,256.0,4
2024-07-26 11:07:09,231,0,0,9769,3,256.0,24,5,256.0,4,1,256.0,1,1,256.0,4
2024-07-26 11:07:10,232,0,0,9768,3,256.0,24,5,256.0,4,1,256.0,1,1,256.0,4
2024-07-26 11:07:11,233,0,0,9767,3,256.0,24,5,256.0,4,1,256.0,1,1,256.0,4
2024-07-26 11:07:12,234,0,0,9766,3,256.0,24,5,256.0,4,1,256.0,1,1,256.0,4
2024-07-26 11:07:13,235,0,0,9765,3,256.0,24,5,256.0,4,1,256.0,1,1,256.0,4
2024-07-26 11:07:14,236,0,0,9764,3,256.0,24,5,256.0,4,1,256.0,1,1,256.0,4
2024-07-26 11:07:15,237,0,0,9763,3,256.0,24,5,256.0,4,1,256.0,1,1,256.0,4
2024-07-26 11:07:16,238,0,0,9762,3,256.0,24,5,256.0,4,1,256.0,1,1,256.0,4
2024-07-26 11:07:17,239,0,0,9761,3,256.0,24,5,256.0,4,1,256.0,1,1,256.0,4
2024-07-26 11:07:18,240,0,0,9760,3,256.0,24,5,256.0,4,1,256.0,1,1,256.0,4
2024-07-26 11:07:19,241,0,0,9759,3,256.0,24,5,256.0,4,1,256.0,1,1,256.0,4
2024-07-26 11:07:20,242,0,0,9758,3,256.0,24,5,256.0,4,1,256.0,1,1,256.0,4
2024-07-26 11:07:21,243,0,0,9757,3,256.0,24,5,256.0,4,1,256.0,1,1,256.0,4
2024-07-26 11:07:22,244,0,0,9756,3,256.0,24,5,256.0,4,1,256.0,1,1,256.0,4
2024-07-26 11:07:23,245,0,0,9755,3,256.0,24,5,256.0,4,1,256.0,1,1,256.0,4
2024-07-26 11:07:24,246,0,0,9754,3,256.0,24,5,256.0,4,1,256.0,1,1,256.0,4
2024-07-26 11:07:25,247,0,0,9753,3,256.0,24,5,256.0,4,1,256.0,1,1,256.0,4
2024-07-26 11:07:26,248,0,0,9752,3,256.0,24,5,256.0,4,1,256.0,1,1,256.0,4
2024-07-26 11:07:27,249,0,0,9751,3,256.0,24,5,256.0,4,1,256.0,1,1,256.0,4
2024-07-26 11:07:28,250,0,0,9750,3,256.0,24,5,256.0,4,1,256.0,1,1,256.0,4
2024-07-26 11:07:29,251,0,0,9749,3,256.0,24,5,256.0,4,1,256.0,1,1,256.0,4
2024-07-26 11:07:30,252,0,0,9748,3,256.0,24,5,256.0,4,1,256.0,1,1,256.0,4
2024-07-26 11:07:31,253,0,0,9747,3,256.0,24,5,256.0,4,1,256.0,1,1,256.0,4
2024-07-26 11:07:32,254,0,0,9746,3,256.0,24,5,256.0,4,1,256.0,1,1,256.0,4
2024-07-26 11:07:33,255,0,0,9745,3,256.0,24,5,256.0,4,1,256.0,1,1,256.0,4
2024-07-26 11:07:34,256,0,0,9744,3,256.0,24,5,256.0,4,1,256.0,1,1,256.0,4
2024-07-26 11:07:35,257,0,0,9743,3,256.0,24,5,256.0,4,1,256.0,1,1,256.0,4
2024-07-26 11:07:36,258,0,0,9742,3,256.0,24,5,256.0,4,1,256.0,1,1,256.0,4
2024-07-26 11:07:37,259,0,0,9741,3,256.0,24,5,256.0,4,1,256.0,1,1,256.0,4
2024-07-26 11:07:38,260,0,0,9740,3,256.0,24,5,256.0,4,1,256.0,1,1,256.0,4
2024-07-26 11:07:39,261,0,0,9739,3,256.0,24,5,256.0,4,1,256.0,1,1,256.0,4
2024-07-26 11:07:40,262,0,0,9738,3,256.0,24,5,256.0,4,1,256.0,1,1,256.0,4
2024-07-26 11:07:41,263,0,0,9737,3,256.0,24,5,256.0,4,1,256.0,1,1,256.0,4
2024-07-26 11:07:42,264,0,0,9736,3,256.0,24,5,256.0,4,1,256.0,1,1,256.0,4
2024-07-26 11:07:43,265,0,0,9735,3,256.0,24,5,256.0,4,1,256.0,1,1,256.0,4
2024-07-26 11:07:44,266,0,0,9734,3,256.0,24,5,256.0,4,1,256.0,1,1,256.0,4
2024-07-26 11:07:45,267,0,0,9733,3,256.0,24,5,256.0,4,1,256.0,1,1,256.0,4
2024-07-26 11:07:46,268,0,0,9732,3,256.0,24,5,256.0,4,1,256.0,1,1,256.0,4
2024-07-26 11:07:47,269,0,0,9731,3,256.0,24,5,256.0,4,1,256.0,1,1,256.0,4
2024-07-26 11:07:48,270,0,0,9730,3,256.0,24,5,256.0,4,1,256.0,1,1,256.0,4
2024-07-26 11:07:49,271,0,0,9729,3,256.0,24,5,256.0,4,1,256.0,1,1,256.0,4
2024-07-26 11:07:50,272,0,0,9728,3,256.0,24,5,256.0,4,1,256.0,1,1,256.0,4
2024-07-26 11:07:51,273,0,0,9727,3,256.0,24,5,256.0,4,1,256.0,1,1,256.0,4
2024-07-26 11:07:52,274,0,0,9726,3,256.0,24,5,256.0,4,1,256.0,1,1,256.0,4
2024-07-26 11:07:53,275,0,0,9725,3,256.0,24,5,256.0,4,1,256.0,1,1,256.0,4
2024-07-26 11:07:54,276,0,0,9724,3,256.0,24,5,256.0,4,1,256.0,1,1,256.0,4
2024-07-26 11:07:55,277,0,0,9723,3,256.0,24,5,256.0,4,1,256.0,1,1,256.0,4
2024-07-26 11:07:56,278,0,0,9722,3,256.0,24,5,256.0,4,1,256.0,1,1,256.0,4
2024-07-26 11:07:57,279,0,0,9721,3,256.0,24,5,256.0,4,1,256.0,1,1,256.0,4
2024-07-26 11:07:58,280,0,0,9720,3,256.0,24,5,256.0,4,1,256.0,1,1,256.0,4
2024-07-26 11:07:59,281,0,0,9719,3,256.0,24,5,256.0,4,1,256.0,1,1,256.0,4
2024-07-26 11:08:00,282,0,0,9718,3,256.0,24,5,256.0,4,1,256.0,1,1,256.0,4
2024-07-26 11:08:01,283,0,0,9717,3,256.0,24,5,256.0,4,1,256.0,1,1,256.0,4
2024-07-26 11:08:02,284,0,0,9716,3,256.0,24,5,256.0,4,1,256.0,1,1,256.0,4
2024-07-26 11:08:03,285,0,0,9715,3,256.0,24,5,256.0,4,1,256.0,1,1,256.0,4
2024-07-26 11:08:04,286,0,0,9714,3,256.0,24,5,256.0,4,1,256.0,1,1,256.0,4
2024-07-26 11:08:05,287,0,0,9713,3,256.0,24,5,256.0,4,1,256.0,1,1,256.0,4
2024-07-26 11:08:06,288,0,0,9712,3,256.0,24,5,256.0,4,1,256.0,1,1,256.0,4
2024-07-26 11:08:07,289,0,0,9711,3,256.0,24,5,256.0,4,1,256.0,1,1,256.0,4
2024-07-26 11:08:08,290,0,0,9710,3,256.0,24,5,256.0,4,1,256.0,1,1,256.0,4
2024-07-26 11:08:09,291,0,0,9709,3,256.0,24,5,256.0,4,1,256.0,1,1,256.0,4
2024-07-26 11:08:10,292,0,0,9708,3,256.0,24,5,256.0,4,1,256.0,1,1,256.0,4
2024-07-26 11:08:11,293,0,0,9707,3,256.0,24,5,256.0,4,1,256.0,1,1,256.0,4
2024-07-26 11:08:12,294,0,0,9706,3,256.0,24,5,256.0,4,1,256.0,1,1,256.0,4
2024-07-26 11:08:13,295,0,0,9705,3,256.0,24,5,256.0,4,1,256.0,1,1,256.0,4
2024-07-26 11:08:14,296,0,0,9704,3,256.0,24,5,256.0,4,1,256.0,1,1,256.0,4
2024-07-26 11:08:15,297,0,0,9703,3,256.0,24,5,256.0,4,1,256.0,1,1,256.0,4
2024-07-26 11:08:16,298,0,0,9702,3,256.0,24,5,256.0,4,1,256.0,1,1,256.0,4
2024-07-26 11:08:17,299,0,0,9701,3,256.0,24,5,256.0,4,1,256.0,1,1,256.0,4
2024-07-26 11:08:18,300,0,0,9700,3,256.0,24,5,256.0,4,1,256.0,1,1,256.0,4
2024-07-26 11:08:19,301,0,0,9699,3,256.0,24,5,256.0,4,1,256.0,1,1,256.0,4
2024-07-26 11:08:20,302,0,0,9698,3,256.0,24,5,256.0,4,1,256.0,1,1,256.0,4
2024-07-26 11:08:21,303,0,0,9697,3,256.0,24,5,256.0,4,1,256.0,1,1,256.0,4
2024-07-26 11:08:22,304,0,0,9696,3,256.0,24,5,256.0,4,1,256.0,1,1,256.0,4
2024-07-26 11:08:23,305,0,0,9695,3,256.0,24,5,256.0,4,1,256.0,1,1,256.0,4
2024-07-26 11:08:24,306,0,0,9694,3,256.0,24,5,256.0,4,1,256.0,1,1,256.0,4
2024-07-26 11:08:25,307,0,0,9693,3,256.0,24,5,256.0,4,1,256.0,1,1,256.0,4
2024-07-26 11:08:26,308,0,0,9692,3,256.0,24,5,256.0,4,1,256.0,1,1,256.0,4
2024-07-26 11:08:27,309,0,0,9691,3,256.0,24,5,256.0,4,1,256.0,1,1,256.0,4
2024-07-26 11:08:28,310,0,0,9690,3,256.0,24,5,256.0,4,1,256.0,1,1,256.0,4
2024-07-26 11:08:29,311,0,0,9689,3,256.0,24,5,256.0,4,1,256.0,1,1,256.0,4
2024-07-26 11:08:30,312,0,0,9688,3,256.0,24,5,256.0,4,1,256.0,1,1,256.0,4
2024-07-26 11:08:31,313,0,0,9687,3,256.0,24,5,256.0,4,1,256.0,1,1,256.0,4
2024-07-26 11:08:32,314,0,0,9686,3,256.0,24,5,256.0,4,1,256.0,1,1,256.0,4
2024-07-26 11:08:33,315,0,0,9685,3,256.0,24,5,256.0,4,1,256.0,1,1,256.0,4
2024-07-26 11:08:34,316,0,0,9684,3,256.0,24,5,256.0,4,1,256.0,1,1,256.0,4
2024-07-26 11:08:35,317,0,0,9683,3,256.0,24,5,256.0,4,1,256.0,1,1,256.0,4
2024-07-26 11:08:36,318,0,0,9682,3,256.0,24,5,256.0,4,1,256.0,1,1,256.0,4
2024-07-26 11:08:37,319,0,0,9681,3,256.0,24,5,256.0,4,1,256.0,1,1,256.0,4
2024-07-26 11:08:38,320,0,0,9680,3,256.0,24,5,256.0,4,1,256.0,1,1,256.0,4
2024-07-26 11:08:39,321,0,0,9679,3,256.0,24,5,256.0,4,1,256.0,1,1,256.0,4
2024-07-26 11:08:40,322,0,0,9678,3,256.0,24,5,256.0,4,1,256.0,1,1,256.0,4
2024-07-26 11:08:41,323,0,0,9677,3,256.0,24,5,256.0,4,1,256.0,1,1,256.0,4
2024-07-26 11:08:42,324,0,0,9676,3,256.0,24,5,256.0,4,1,256.0,1,1,256.0,4
2024-07-26 11:08:43,325,0,0,9675,3,256.0,24,5,256.0,4,1,256.0,1,1,256.0,4
2024-07-26 11:08:44,326,0,0,9674,3,256.0,24,5,256.0,4,1,256.0,1,1,256.0,4
2024-07-26 11:08:45,327,0,0,9673,3,256.0,24,5,256.0,4,1,256.0,1,1,256.0,4
2024-07-26 11:08:46,328,0,0,9672,3,256.0,24,5,256.0,4,1,256.0,1,1,256.0,4
2024-07-26 11:08:47,329,0,0,9671,3,256.0,24,5,256.0,4,1,256.0,1,1,256.0,4
2024-07-26 11:08:48,330,0,0,9670,3,256.0,24,5,256.0,4,1,256.0,1,1,256.0,4
2024-07-26 11:08:49,331,0,0,9669,3,256.0,24,5,256.0,4,1,256.0,1,1,256.0,4
2024-07-26 11:08:50,332,0,0,9668,3,256.0,24,5,256.0,4,1,256.0,1,1,256.0,4
2024-07-26 11:08:51,333,0,0,9667,3,256.0,24,5,256.0,4,1,256.0,1,1,256.0,4
2024-07-26 11:08:52,334,0,0,9666,3,256.0,24,5,256.0,4,1,256.0,1,1,256.0,4
2024-07-26 11:08:53,335,0,0,9665,3,256.0,24,5,256.0,4,1,256.0,1,1,256.0,4
2024-07-26 11:08:54,336,0,0,9664,3,256.0,24,5,256.0,4,1,256.0,1,1,256.0,4
2024-07-26 11:08:55,337,0,0,9663,3,256.0,24,5,256.0,4,1,256.0,1,1,256.0,4
2024-07-26 11:08:56,338,0,0,9662,3,256.0,24,5,256.0,4,1,256.0,1,1,256.0,4
2024-07-26 11:08:57,339,0,0,9661,3,256.0,24,5,256.0,4,1,256.0,1,1,256.0,4
2024-07-26 11:08:58,340,0,0,9660,3,256.0,24,5,256.0,4,1,256.0,1,1,256.0,4
2024-07-26 11:08:59,341,0,0,9659,3,256.0,24,5,256.0,4,1,256.0,1,1,256.0,4
2024-07-26 11:09:00,342,0,0,9658,3,256.0,24,5,256.0,4,1,256.0,1,1,256.0,4
2024-07-26 11:09:01,343,0,0,9657,3,256.0,24,5,256.0,4,1,256.0,1,1,256.0,4
2024-07-26 11:09:02,344,0,0,9656,3,256.0,24,5,256.0,4,1,256.0,1,1,256.0,4
2024-07-26 11:09:03,345,0,0,9655,3,256.0,24,5,256.0,4,1,256.0,1,1,256.0,4
2024-07-26 11:09:04,346,0,0,9654,3,256.0,24,5,256.0,4,1,256.0,1,1,256.0,4
2024-07-26 11:09:05,347,0,0,9653,3,256.0,24,5,256.0,4,1,256.0,1,1,256.0,4
2024-07-26 11:09:06,348,0,0,9652,3,256.0,24,5,256.0,4,1,256.0,1,1,256.0,4
2024-07-26 11:09:07,349,0,0,9651,3,256.0,24,5,256.0,4,1,256.0,1,1,256.0,4
2024-07-26 11:09:08,350,0,0,9650,3,256.0,24,5,256.0,4,1,256.0,1,1,256.0,4
2024-07-26 11:09:09,351,0,0,9649,3,256.0,24,5,256.0,4,1,256.0,1,1,256.0,4
2024-07-26 11:09:10,352,0,0,9648,3,256.0,24,5,256.0,4,1,256.0,1,1,256.0,4
2024-07-26 11:09:11,353,0,0,9647,3,256.0,24,5,256.0,4,1,256.0,1,1,256.0,4
2024-07-26 11:09:12,354,0,0,9646,3,256.0,24,5,256.0,4,1,256.0,1,1,256.0,4
2024-07-26 11:09:13,355,0,0,9645,3,256.0,24,5,256.0,4,1,256.0,1,1,256.0,4
2024-07-26 11:09:14,356,0,0,9644,3,256.0,24,5,256.0,4,1,256.0,1,1,256.0,4
2024-07-26 11:09:15,357,0,0,9643,3,256.0,24,5,256.0,4,1,256.0,1,1,256.0,4
2024-07-26 11:09:16,358,0,0,9642,3,256.0,24,5,256.0,4,1,256.0,1,1,256.0,4
2024-07-26 11:09:17,359,0,0,9641,3,256.0,24,5,256.0,4,1,256.0,1,1,256.0,4
2024-07-26 11:09:18,360,0,0,9640,3,256.0,24,5,256.0,4,1,256.0,1,1,256.0,4
2024-07-26 11:09:19,361,0,0,9639,3,256.0,24,5,256.0,4,1,256.0,1,1,256.0,4
2024-07-26 11:09:20,362,0,0,9638,3,256.0,24,5,256.0,4,1,256.0,1,1,256.0,4
2024-07-26 11:09:21,363,0,0,9637,3,256.0,24,5,256.0,4,1,256.0,1,1,256.0,4
2024-07-26 11:09:22,364,0,0,9636,3,256.0,24,5,256.0,4,1,256.0,1,1,256.0,4
2024-07-26 11:09:23,365,0,0,9635,3,256.0,24,5,256.0,4,1,256.0,1,1,256.0,4
2024-07-26 11:09:24,366,0,0,9634,3,256.0,24,5,256.0,4,1,256.0,1,1,256.0,4
2024-07-26 11:09:25,367,0,0,9633,3,256.0,24,5,256.0,4,1,256.0,1,1,256.0,4
2024-07-26 11:09:26,368,0,0,9632,3,256.0,24,5,256.0,4,1,256.0,1,1,256.0,4
2024-07-26 11:09:27,369,0,0,9631,3,256.0,24,5,256.0,4,1,256.0,1,1,256.0,4
2024-07-26 11:09:28,370,0,0,9630,3,256.0,24,5,256.0,4,1,256.0,1,1,256.0,4
2024-07-26 11:09:29,371,0,0,9629,3,256.0,24,5,256.0,4,1,256.0,1,1,256.0,4
2024-07-26 11:09:30,372,0,0,9628,3,256.0,24,5,256.0,4,1,256.0,1,1,256.0,4
2024-07-26 11:09:31,373,0,0,9627,3,256.0,24,5,256.0,4,1,256.0,1,1,256.0,4
2024-07-26 11:09:32,374,0,0,9626,3,256.0,24,5,256.0,4,1,256.0,1,1,256.0,4
2024-07-26 11:09:33,375,0,0,9625,3,256.0,24,5,256.0,4,1,256.0,1,1,256.0,4
2024-07-26 11:09:34,376,0,0,9624,3,256.0,24,5,256.0,4,1,256.0,1,1,256.0,4
2024-07-26 11:09:35,377,0,0,9623,3,256.0,24,5,256.0,4,1,256.0,1,1,256.0,4
2024-07-26 11:09:36,378,0,0,9622,3,256.0,24,5,256.0,4,1,256.0,1,1,256.0,4
2024-07-26 11:09:37,379,0,0,9621,3,256.0,24,5,256.0,4,1,256.0,1,1,256.0,4
2024-07-26 11:09:38,380,0,0,9620,3,256.0,24,5,256.0,4,1,256.0,1,1,256.0,4
2024-07-26 11:09:39,381,0,0,9619,3,256.0,24,5,256.0,4,1,256.0,1,1,256.0,4
2024-07-26 11:09:40,382,0,0,9618,3,256.0,24,5,256.0,4,1,256.0,1,1,256.0,4
2024-07-26 11:09:41,383,0,0,9617,3,256.0,24,5,256.0,4,1,256.0,1,1,256.0,4
2024-07-26 11:09:42,384,0,0,9616,3,256.0,24,5,256.0,4,1,256.0,1,1,256.0,4
2024-07-26 11:09:43,385,0,0,9615,3,256.0,24,5,256.0,4,1,256.0,1,1,256.0,4
2024-07-26 11:09:44,386,0,0,9614,3,256.0,24,5,256.0,4,1,256.0,1,1,256.0,4
2024-07-26 11:09:45,387,0,0,9613,3,256.0,24,5,256.0,4,1,256.0,1,1,256.0,4
2024-07-26 11:09:46,388,0,0,9612,3,256.0,24,5,256.0,4,1,256.0,1,1,256.0,4
2024-07-26 11:09:47,389,0,0,9611,3,256.0,24,5,256.0,4,1,256.0,1,1,256.0,4
2024-07-26 11:09:48,390,0,0,9610,3,256.0,24,5,256.0,4,1,256.0,1,1,256.0,4
2024-07-26 11:09:49,391,0,0,9609,3,256.0,24,5,256.0,4,1,256.0,1,1,256.0,4
2024-07-26 11:09:50,392,0,0,9608,3,256.0,24,5,256.0,4,1,256.0,1,1,256.0,4
2024-07-26 11:09:51,393,0,0,9607,3,256.0,24,5,256.0,4,1,256.0,1,1,256.0,4
2024-07-26 11:09:52,394,0,0,9606,3,256.0,24,5,256.0,4,1,256.0,1,1,256.0,4
2024-07-26 11:09:53,395,0,0,9605,3,256.0,24,5,256.0,4,1,256.0,1,1,256.0,4
2024-07-26 11:09:54,396,0,0,9604,3,256.0,24,5,256.0,4,1,256.0,1,1,256.0,4
2024-07-26 11:09:55,397,0,0,9603,3,256.0,24,5,256.0,4,1,256.0,1,1,256.0,4
2024-07-26 11:09:56,398,0,0,9602,3,256.0,24,5,256.0,4,1,256.0,1,1,256.0,4
2024-07-26 11:09:57,399,0,0,9601,3,256.0,24,5,256.0,4,1,256.0,1,1,256.0,4
2024-07-26 11:09:58,400,0,0,9600,3,256.0,24,5,256.0,4,1,256.0,1,1,256.0,4
2024-07-26 11:09:59,401,0,0,9599,3,256.0,24,5,256.0,4,1,256.0,1,1,256.0,4
2024-07-26 11:10:00,402,0,0,9598,3,256.0,24,5,256.0,4,1,256.0,1,1,256.0,4
2024-07-26 11:10:01,403,0,0,9597,3,256.0,24,5,256.0,4,1,256.0,1,1,256.0,4
2024-07-26 11:10:02,404,0,0,9596,3,256.0,24,5,256.0,4,1,256.0,1,1,256.0,4
2024-07-26 11:10:03,405,0,0,9595,3,256.0,24,5,256.0,4,1,256.0,1,1,256.0,4
2024-07-26 11:10:04,406,0,0,9594,3,256.0,24,5,256.0,4,1,256.0,1,1,256.0,4
2024-07-26 11:10:05,407,0,0,9593,3,256.0,24,5,256.0,4,1,256.0,1,1,256.0,4
2024-07-26 11:10:06,408,0,0,9592,3,256.0,24,5,256.0,4,1,256.0,1,1,256.0,4
2024-07-26 11:10:07,409,0,0,9591,3,256.0,24,5,256.0,4,1,256.0,1,1,256.0,4
2024-07-26 11:10:08,410,0,0,9590,3,256.0,24,5,256.0,4,1,256.0,1,1,256.0,4
2024-07-26 11:10:09,411,0,0,9589,3,256.0,24,5,256.0,4,1,256.0,1,1,256.0,4
2024-07-26 11:10:10,412,0,0,9588,3,256.0,24,5,256.0,4,1,256.0,1,1,256.0,4
2024-07-26 11:10:11,413,0,0,9587,3,256.0,24,5,256.0,4,1,256.0,1,1,256.0,4
2024-07-26 11:10:12,414,0,0,9586,3,256.0,24,5,256.0,4,1,256.0,1,1,256.0,4
2024-07-26 11:10:13,415,0,0,9585,3,256.0,24,5,256.0,4,1,256.0,1,1,256.0,4
2024-07-26 11:10:14,416,0,0,9584,3,256.0,24,5,256.0,4,1,256.0,1,1,256.0,4
2024-07-26 11:10:15,417,0,0,9583,3,256.0,24,5,256.0,4,1,256.0,1,1,256.0,4
2024-07-26 11:10:16,418,0,0,9582,3,256.0,24,5,256.0,4,1,256.0,1,1,256.0,4
2024-07-26 11:10:17,419,0,0,9581,3,256.0,24,5,256.0,4,1,256.0,1,1,256.0,4
2024-07-26 11:10:18,420,0,0,9580,3,256.0,24,5,256.0,4,1,256.0,1,1,256.0,4
2024-07-26 11:10:19,421,0,0,9579,3,256.0,24,5,256.0,4,1,256.0,1,1,256.0,4
2024-07-26 11:10:20,422,0,0,9578,3,256.0,24,5,256.0,4,1,256.0,1,1,256.0,4
2024-07-26 11:10:21,423,0,0,9577,3,256.0,24,5,256.0,4,1,256.0,1,1,256.0,4
2024-07-26 11:10:22,424,0,0,9576,3,256.0,24,5,256.0,4,1,256.0,1,1,256.0,4
2024-07-26 11:10:23,425,0,0,9575,3,256.0,24,5,256.0,4,1,256.0,1,1,256.0,4
2024-07-26 11:10:24,426,0,0,9574,3,256.0,24,5,256.0,4,1,256.0,1,1,256.0,4
2024-07-26 11:10:25,427,0,0,9573,3,256.0,24,5,256.0,4,1,256.0,1,1,256.0,4
2024-07-26 11:10:26,428,0,0,9572,3,256.0,24,5,256.0,4,1,256.0,1,1,256.0,4
2024-07-26 11:10:27,429,0,0,9571,3,256.0,24,5,256.0,4,1,256.0,1,1,256.0,4
2024-07-26 11:10:28,430,0,0,9570,3,256.0,24,5,256.0,4,1,256.0,1,1,256.0,4
2024-07-26 11:10:29,431,0,0,9569,3,256.0,24,5,256.0,4,1,256.0,1,1,256.0,4
2024-07-26 11:10:30,432,0,0,9568,3,256.0,24,5,256.0,4,1,256.0,1,1,256.0,4
2024-07-26 11:10:31,433,0,0,9567,3,256.0,24,5,256.0,4,1,256.0,1,1,256.0,4
2024-07-26 11:10:32,434,0,0,9566,3,256.0,24,5,256.0,4,1,256.0,1,1,256.0,4
2024-07-26 11:10:33,435,0,0,9565,3,256.0,24,5,256.0,4,1,256.0,1,1,256.0,4
2024-07-26 11:10:34,436,0,0,9564,3,256.0,24,5,256.0,4,1,256.0,1,1,256.0,4
2024-07-26 11:10:35,437,0,0,9563,3,256.0,24,5,256.0,4,1,256.0,1,1,256.0,4
2024-07-26 11:10:36,438,0,0,9562,3,256.0,24,5,256.0,4,1,256.0,1,1,256.0,4
2024-07-26 11:10:37,439,0,0,9561,3,256.0,24,5,256.0,4,1,256.0,1,1,256.0,4
2024-07-26 11:10:38,440,0,0,9560,3,256.0,24,5,256.0,4,1,256.0,1,1,256.0,4
2024-07-26 11:10:39,441,0,0,9559,3,256.0,24,5,256.0,4,1,256.0,1,1,256.0,4
2024-07-26 11:10:40,442,0,0,9558,3,256.0,24,5,256.0,4,1,256.0,1,1,256.0,4
2024-07-26 11:10:41,443,0,0,9557,3,256.0,24,5,256.0,4,1,256.0,1,1,256.0,4
2024-07-26 11:10:42,444,0,0,9556,3,256.0,24,5,256.0,4,1,256.0,1,1,256.0,4
2024-07-26 11:10:43,445,0,0,9555,3,256.0,24,5,256.0,4,1,256.0,1,1,256.0,4
2024-07-26 11:10:44,446,0,0,9554,3,256.0,24,5,256.0,4,1,256.0,1,1,256.0,4
2024-07-26 11:10:45,447,0,0,9553,3,256.0,24,5,256.0,4,1,256.0,1,1,256.0,4
2024-07-26 11:10:46,448,0,0,9552,3,256.0,24,5,256.0,4,1,256.0,1,1,256.0,4
2024-07-26 11:10:47,449,0,0,9551,3,256.0,24,5,256.0,4,1,256.0,1,1,256.0,4
2024-07-26 11:10:48,450,0,0,9550,3,256.0,24,5,256.0,4,1,256.0,1,1,256.0,4
2024-07-26 11:10:49,451,0,0,9549,3,256.0,24,5,256.0,4,1,256.0,1,1,256.0,4
2024-07-26 11:10:50,452,0,0,9548,3,256.0,24,5,256.0,4,1,256.0,1,1,256.0,4
2024-07-26 11:10:51,453,0,0,9547,3,256.0,24,5,256.0,4,1,256.0,1,1,256.0,4
2024-07-26 11:10:52,454,0,0,9546,3,256.0,24,5,256.0,4,1,256.0,1,1,256.0,4
2024-07-26 11:10:53,455,0,0,9545,3,256.0,24,5,256.0,4,1,256.0,1,1,256.0,4
2024-07-26 11:10:54,456,0,0,9544,3,256.0,24,5,256.0,4,1,256.0,1,1,256.0,4
2024-07-26 11:10:55,457,0,0,9543,3,256.0,24,5,256.0,4,1,256.0,1,1,256.0,4
2024-07-26 11:10:56,458,0,0,9542,3,256.0,24,5,256.0,4,1,256.0,1,1,256.0,4
2024-07-26 11:10:57,459,0,0,9541,3,256.0,24,5,256.0,4,1,256.0,1,1,256.0,4
2024-07-26 11:10:58,460,0,0,9540,3,256.0,24,5,256.0,4,1,256.0,1,1,256.0,4
2024-07-26 11:10:59,461,0,0,9539,3,256.0,24,5,256.0,4,1,256.0,1,1,256.0,4
2024-07-26 11:11:00,462,0,0,9538,3,256.0,24,5,256.0,4,1,256.0,1,1,256.0,4
2024-07-26 11:11:01,463,0,0,9537,3,256.0,24,5,256.0,4,1,256.0,1,1,256.0,4
2024-07-26 11:11:02,464,0,0,9536,3,256.0,24,5,256.0,4,1,256.0,1,1,256.0,4
2024-07-26 11:11:03,465,0,0,9535,3,256.0,24,5,256.0,4,1,256.0,1,1,256.0,4
2024-07-26 11:11:04,466,0,0,9534,3,256.0,24,5,256.0,4,1,256.0,1,1,256.0,4
2024-07-26 11:11:05,467,0,0,9533,3,256.0,24,5,256.0,4,1,256.0,1,1,256.0,4
2024-07-26 11:11:06,468,0,0,9532,3,256.0,24,5,256.0,4,1,256.0,1,1,256.0,4
2024-07-26 11:11:07,469,0,0,9531,3,256.0,24,5,256.0,4,1,256.0,1,1,256.0,4
2024-07-26 11:11:08,470,0,0,9530,3,256.0,24,5,256.0,4,1,256.0,1,1,256.0,4
2024-07-26 11:11:09,471,0,0,9529,3,256.0,24,5,256.0,4,1,256.0,1,1,256.0,4
2024-07-26 11:11:10,472,0,0,9528,3,256.0,24,5,256.0,4,1,256.0,1,1,256.0,4
2024-07-26 11:11:11,473,0,0,9527,3,256.0,24,5,256.0,4,1,256.0,1,1,256.0,4
2024-07-26 11:11:12,474,0,0,9526,3,256.0,24,5,256.0,4,1,256.0,1,1,256.0,4
2024-07-26 11:11:13,475,0,0,9525,3,256.0,24,5,256.0,4,1,256.0,1,1,256.0,4
2024-07-26 11:11:14,476,0,0,9524,3,256.0,24,5,256.0,4,1,256.0,1,1,256.0,4
2024-07-26 11:11:15,477,0,0,9523,3,256.0,24,5,256.0,4,1,256.0,1,1,256.0,4
2024-07-26 11:11:16,478,0,0,9522,3,256.0,24,5,256.0,4,1,256.0,1,1,256.0,4
2024-07-26 11:11:17,479,0,0,9521,3,256.0,24,5,256.0,4,1,256.0,1,1,256.0,4
2024-07-26 11:11:18,480,0,0,9520,3,256.0,24,5,256.0,4,1,256.0,1,1,256.0,4
2024-07-26 11:11:19,481,0,0,9519,3,256.0,24,5,256.0,4,1,256.0,1,1,256.0,4
2024-07-26 11:11:20,482,0,0,9518,3,256.0,24,5,256.0,4,1,256.0,1,1,256.0,4
2024-07-26 11:11:21,483,0,0,9517,3,256.0,24,5,256.0,4,1,256.0,1,1,256.0,4
2024-07-26 11:11:22,484,0,0,9516,3,256.0,24,5,256.0,4,1,256.0,1,1,256.0,4
2024-07-26 11:11:23,485,0,0,9515,3,256.0,24,5,256.0,4,1,256.0,1,1,256.0,4
2024-07-26 11:11:24,486,0,0,9514,3,256.0,24,5,256.0,4,1,256.0,1,1,256.0,4
2024-07-26 11:11:25,487,0,0,9513,3,256.0,24,5,256.0,4,1,256.0,1,1,256.0,4
2024-07-26 11:11:26,488,0,0,9512,3,256.0,24,5,256.0,4,1,256.0,1,1,256.0,4
2024-07-26 11:11:27,489,0,0,9511,3,256.0,24,5,256.0,4,1,256.0,1,1,256.0,4
2024-07-26 11:11:28,490,0,0,9510,3,256.0,24,5,256.0,4,1,256.0,1,1,256.0,4
2024-07-26 11:11:29,491,0,0,9509,3,256.0,24,5,256.0,4,1,256.0,1,1,256.0,4
2024-07-26 11:11:30,492,0,0,9508,3,256.0,24,5,256.0,4,1,256.0,1,1,256.0,4
2024-07-26 11:11:31,493,0,0,9507,3,256.0,24,5,256.0,4,1,256.0,1,1,256.0,4
2024-07-26 11:11:32,494,0,0,9506,3,256.0,24,5,256.0,4,1,256.0,1,1,256.0,4
2024-07-26 11:11:33,495,0,0,9505,3,256.0,24,5,256.0,4,1,256.0,1,1,256.0,4
2024-07-26 11:11:34,496,0,0,9504,3,256.0,24,5,256.0,4,1,256.0,1,1,256.0,4
2024-07-26 11:11:35,497,0,0,9503,3,256.0,24,5,256.0,4,1,256.0,1,1,256.0,4
2024-07-26 11:11:36,498,0,0,9502,3,256.0,24,5,256.0,4,1,256.0,1,1,256.0,4
2024-07-26 11:11:37,499,0,0,9501,3,256.0,24,5,256.0,4,1,256.0,1,1,256.0,4
2024-07-26 11:11:38,500,0,0,9500,3,256.0,24,5,256.0,4,1,256.0,1,1,256.0,4
2024-07-26 11:11:39,501,0,0,9499,3,256.0,24,5,256.0,4,1,256.0,1,1,256.0,4
2024-07-26 11:11:40,502,0,0,9498,3,256.0,24,5,256.0,4,1,256.0,1,1,256.0,4
2024-07-26 11:11:41,503,0,0,9497,3,256.0,24,5,256.0,4,1,256.0,1,1,256.0,4
2024-07-26 11:11:42,504,0,0,9496,3,256.0,24,5,256.0,4,1,256.0,1,1,256.0,4
2024-07-26 11:11:43,505,0,0,9495,3,256.0,24,5,256.0,4,1,256.0,1,1,256.0,4
2024-07-26 11:11:44,506,0,0,9494,3,256.0,24,5,256.0,4,1,256.0,1,1,256.0,4
2024-07-26 11:11:45,507,0,0,9493,3,256.0,24,5,256.0,4,1,256.0,1,1,256.0,4
2024-07-26 11:11:46,508,0,0,9492,3,256.0,24,5,256.0,4,1,256.0,1,1,256.0,4
2024-07-26 11:11:47,509,0,0,9491,3,256.0,24,5,256.0,4,1,256.0,1,1,256.0,4
2024-07-26 11:11:48,510,0,0,9490,3,256.0,24,5,256.0,4,1,256.0,1,1,256.0,4
2024-07-26 11:11:49,511,0,0,9489,3,256.0,24,5,256.0,4,1,256.0,1,1,256.0,4
2024-07-26 11:11:50,512,0,0,9488,3,256.0,24,5,256.0,4,1,256.0,1,1,256.0,4
2024-07-26 11:11:51,513,0,0,9487,3,256.0,24,5,256.0,4,1,256.0,1,1,256.0,4
2024-07-26 11:11:52,514,0,0,9486,3,256.0,24,5,256.0,4,1,256.0,1,1,256.0,6
2024-07-26 11:11:53,515,0,0,9485,3,256.0,24,6,256.0,4,1,256.0,1,1,256.0,7
2024-07-26 11:11:54,516,0,0,9484,3,256.0,24,6,256.0,4,1,256.0,1,1,256.0,4
2024-07-26 11:11:55,517,0,0,9483,3,256.0,24,6,256.0,4,1,256.0,1,1,256.0,4
2024-07-26 11:11:56,518,0,0,9482,3,256.0,24,6,256.0,4,1,256.0,1,1,256.0,4
2024-07-26 11:11:57,519,0,0,9481,3,256.0,24,6,256.0,4,1,256.0,1,1,256.0,4
2024-07-26 11:11:58,520,0,0,9480,3,256.0,24,6,256.0,4,1,256.0,1,1,256.0,4
2024-07-26 11:11:59,521,0,0,9479,3,256.0,24,6,256.0,4,1,256.0,1,1,256.0,4
2024-07-26 11:12:00,522,0,0,9478,3,256.0,24,6,256.0,4,1,256.0,1,1,256.0,4
2024-07-26 11:12:01,523,0,0,9477,3,256.0,24,6,256.0,4,1,256.0,1,1,256.0,4
2024-07-26 11:12:02,524,0,0,9476,3,256.0,24,6,256.0,4,1,256.0,1,1,256.0,4
2024-07-26 11:12:03,525,0,0,9475,3,256.0,24,6,256.0,4,1,256.0,1,1,256.0,4
2024-07-26 11:12:04,526,0,0,9474,3,256.0,24,6,256.0,4,1,256.0,1,1,256.0,4
2024-07-26 11:12:05,527,0,0,9473,3,256.0,24,6,256.0,4,1,256.0,1,1,256.0,4
2024-07-26 11:12:06,528,0,0,9472,3,256.0,24,6,256.0,4,1,256.0,1,1,256.0,4
2024-07-26 11:12:07,529,0,0,9471,3,256.0,24,6,256.0,4,1,256.0,1,1,256.0,4
2024-07-26 11:12:08,530,0,0,9470,3,256.0,24,6,256.0,4,1,256.0,1,1,256.0,4
2024-07-26 11:12:09,531,0,0,9469,3,256.0,24,6,256.0,4,1,256.0,1,1,256.0,4
2024-07-26 11:12:10,532,0,0,9468,3,256.0,24,6,256.0,4,1,256.0,1,1,256.0,4
2024-07-26 11:12:11,533,0,0,9467,3,256.0,24,6,256.0,4,1,256.0,1,1,256.0,4
2024-07-26 11:12:12,534,0,0,9466,3,256.0,24,6,256.0,4,1,256.0,1,1,256.0,4
2024-07-26 11:12:13,535,0,0,9465,3,256.0,24,6,256.0,4,1,256.0,1,1,256.0,4
2024-07-26 11:12:14,536,0,0,9464,3,256.0,24,6,256.0,4,1,256.0,1,1,256.0,4
2024-07-26 11:12:15,537,0,0,9463,3,256.0,24,6,256.0,4,1,256.0,1,1,256.0,4
2024-07-26 11:12:16,538,0,0,9462,3,256.0,24,6,256.0,4,1,256.0,1,1,256.0,4
2024-07-26 11:12:17,539,0,0,9461,3,256.0,24,6,256.0,4,1,256.0,1,1,256.0,4
2024-07-26 11:12:18,540,0,0,9460,3,256.0,24,6,256.0,4,1,256.0,1,1,256.0,4
2024-07-26 11:12:19,541,0,0,9459,3,256.0,24,6,256.0,4,1,256.0,1,1,256.0,4
2024-07-26 11:12:20,542,0,0,9458,3,256.0,24,6,256.0,4,1,256.0,1,1,256.0,4
2024-07-26 11:12:21,543,0,0,9457,3,256.0,24,6,256.0,4,1,256.0,1,1,256.0,4
2024-07-26 11:12:22,544,0,0,9456,3,256.0,24,6,256.0,4,1,256.0,1,1,256.0,4
2024-07-26 11:12:23,545,0,0,9455,3,256.0,24,6,256.0,4,1,256.0,1,1,256.0,4
2024-07-26 11:12:24,546,0,0,9454,3,256.0,24,6,256.0,4,1,256.0,1,1,256.0,4
2024-07-26 11:12:25,547,0,0,9453,3,256.0,24,6,256.0,4,1,256.0,1,1,256.0,4
2024-07-26 11:12:26,548,0,0,9452,3,256.0,24,6,256.0,4,1,256.0,1,1,256.0,4
2024-07-26 11:12:27,549,0,0,9451,3,256.0,24,6,256.0,4,1,256.0,1,1,256.0,4
2024-07-26 11:12:28,550,0,0,9450,3,256.0,24,6,256.0,4,1,256.0,1,1,256.0,4
2024-07-26 11:12:29,551,0,0,9449,3,256.0,24,6,256.0,4,1,256.0,1,1,256.0,4
2024-07-26 11:12:30,552,0,0,9448,3,256.0,24,6,256.0,4,1,256.0,1,1,256.0,4
2024-07-26 11:12:31,553,0,0,9447,3,256.0,24,6,256.0,4,1,256.0,1,1,256.0,4
2024-07-26 11:12:32,554,0,0,9446,3,256.0,24,6,256.0,4,1,256.0,1,1,256.0,4
2024-07-26 11:12:33,555,0,0,9445,3,256.0,24,6,256.0,4,1,256.0,1,1,256.0,4
2024-07-26 11:12:34,556,0,0,9444,3,256.0,24,6,256.0,4,1,256.0,1,1,256.0,4
2024-07-26 11:12:35,557,0,0,9443,3,256.0,24,6,256.0,4,1,256.0,1,1,256.0,4
2024-07-26 11:12:36,558,0,0,9442,3,256.0,24,6,256.0,4,1,256.0,1,1,256.0,4
2024-07-26 11:12:37,559,0,0,9441,3,256.0,24,6,256.0,4,1,256.0,1,1,256.0,4
2024-07-26 11:12:38,560,0,0,9440,3,256.0,24,6,256.0,4,1,256.0,1,1,256.0,4
2024-07-26 11:12:39,561,0,0,9439,3,256.0,24,6,256.0,4,1,256.0,1,1,256.0,4
2024-07-26 11:12:40,562,0,0,9438,3,256.0,24,6,256.0,4,1,256.0,1,1,256.0,4
2024-07-26 11:12:41,563,0,0,9437,3,256.0,24,6,256.0,4,1,256.0,1,1,256.0,4
2024-07-26 11:12:42,564,0,0,9436,3,256.0,24,6,256.0,4,1,256.0,1,1,256.0,4
2024-07-26 11:12:43,565,0,0,9435,3,256.0,24,6,256.0,4,1,256.0,2,1,256.0,7
2024-07-26 11:12:44,566,0,0,9434,3,256.0,24,6,256.0,4,1,256.0,1,1,256.0,4
2024-07-26 11:12:45,567,0,0,9433,3,256.0,24,6,256.0,4,1,256.0,1,1,256.0,4
2024-07-26 11:12:46,568,0,0,9432,3,256.0,24,6,256.0,4,1,256.0,1,1,256.0,4
2024-07-26 11:12:47,569,0,0,9431,3,256.0,24,6,256.0,4,1,256.0,1,1,256.0,4
2024-07-26 11:12:48,570,0,0,9430,3,256.0,24,6,256.0,4,1,256.0,1,1,256.0,4
2024-07-26 11:12:49,571,0,0,9429,3,256.0,24,6,256.0,4,1,256.0,1,1,256.0,4
2024-07-26 11:12:50,572,0,0,9428,3,256.0,24,6,256.0,4,1,256.0,1,1,256.0,4
2024-07-26 11:12:51,573,0,0,9427,3,256.0,24,6,256.0,4,1,256.0,1,1,256.0,4
2024-07-26 11:12:52,574,0,0,9426,3,256.0,24,6,256.0,4,1,256.0,1,1,256.0,4
2024-07-26 11:12:53,575,0,0,9425,3,256.0,24,6,256.0,4,1,256.0,1,1,256.0,4
2024-07-26 11:12:54,576,0,0,9424,3,256.0,24,6,256.0,4,1,256.0,1,1,256.0,4
2024-07-26 11:12:55,577,0,0,9423,3,256.0,24,6,256.0,4,1,256.0,1,1,256.0,4
2024-07-26 11:12:56,578,0,0,9422,3,256.0,24,6,256.0,4,1,256.0,1,1,256.0,4
2024-07-26 11:12:57,579,0,0,9421,3,256.0,24,6,256.0,4,1,256.0,1,1,256.0,4
2024-07-26 11:12:58,580,0,0,9420,3,256.0,24,6,256.0,4,1,256.0,1,1,256.0,4
2024-07-26 11:12:59,581,0,0,9419,3,256.0,24,6,256.0,4,1,256.0,1,1,256.0,4
2024-07-26 11:13:00,582,0,0,9418,3,256.0,24,6,256.0,4,1,256.0,1,1,256.0,4
2024-07-26 11:13:01,583,0,0,9417,3,256.0,24,6,256.0,4,1,256.0,1,1,256.0,4
2024-07-26 11:13:02,584,0,0,9416,3,256.0,24,6,256.0,4,1,256.0,1,1,256.0,4
2024-07-26 11:13:03,585,0,0,9415,3,256.0,24,6,256.0,4,1,256.0,1,1,256.0,4
2024-07-26 11:13:04,586,0,0,9414,3,256.0,24,6,256.0,4,1,256.0,1,1,256.0,4
2024-07-26 11:13:05,587,0,0,9413,3,256.0,24,6,256.0,4,1,256.0,1,1,256.0,4
2024-07-26 11:13:06,588,0,0,9412,3,256.0,24,6,256.0,4,1,256.0,1,1,256.0,4
2024-07-26 11:13:07,589,0,0,9411,3,256.0,24,6,256.0,4,1,256.0,1,1,256.0,4
2024-07-26 11:13:08,590,0,0,9410,3,256.0,24,6,256.0,4,1,256.0,1,1,256.0,4
2024-07-26 11:13:09,591,0,0,9409,3,256.0,24,6,256.0,4,1,256.0,1,1,256.0,4
2024-07-26 11:13:10,592,0,0,9408,3,256.0,24,6,256.0,4,1,256.0,1,1,256.0,4
2024-07-26 11:13:11,593,0,0,9407,3,256.0,24,6,256.0,4,1,256.0,1,1,256.0,4
2024-07-26 11:13:12,594,0,0,9406,3,256.0,24,6,256.0,4,1,256.0,1,1,256.0,4
2024-07-26 11:13:13,595,0,0,9405,3,256.0,24,6,256.0,4,1,256.0,1,1,256.0,4
2024-07-26 11:13:14,596,0,0,9404,3,256.0,24,6,256.0,4,1,256.0,1,1,256.0,4
2024-07-26 11:13:15,597,0,0,9403,3,256.0,24,6,256.0,4,1,256.0,1,1,256.0,4
2024-07-26 11:13:16,598,0,0,9402,3,256.0,24,6,256.0,4,1,256.0,1,1,256.0,4
2024-07-26 11:13:17,599,0,0,9401,3,256.0,24,6,256.0,4,1,256.0,1,1,256.0,4
2024-07-26 11:13:18,600,0,0,9400,3,256.0,24,6,256.0,4,1,256.0,1,1,256.0,4
2024-07-26 11:13:19,601,0,0,9399,3,256.0,24,6,256.0,4,1,256.0,1,1,256.0,4
2024-07-26 11:13:20,602,0,0,9398,3,256.0,24,6,256.0,4,1,256.0,1,1,256.0,4
2024-07-26 11:13:21,603,0,0,9397,3,256.0,24,6,256.0,4,1,256.0,1,1,256.0,4
2024-07-26 11:13:22,604,0,0,9396,3,256.0,24,6,256.0,4,1,256.0,1,1,256.0,4
2024-07-26 11:13:23,605,0,0,9395,3,256.0,24,6,256.0,4,1,256.0,1,1,256.0,4
2024-07-26 11:13:24,606,0,0,9394,3,256.0,24,6,256.0,4,1,256.0,1,1,256.0,4
2024-07-26 11:13:25,607,0,0,9393,3,256.0,24,6,256.0,4,1,256.0,1,1,256.0,4
2024-07-26 11:13:26,608,0,0,9392,3,256.0,24,6,256.0,4,1,256.0,1,1,256.0,4
2024-07-26 11:13:27,609,0,0,9391,3,256.0,24,6,256.0,4,1,256.0,1,1,256.0,4
2024-07-26 11:13:28,610,0,0,9390,3,256.0,24,6,256.0,4,1,256.0,1,1,256.0,4
2024-07-26 11:13:29,611,0,0,9389,3,256.0,24,6,256.0,4,1,256.0,1,1,256.0,4
2024-07-26 11:13:30,612,0,0,9388,3,256.0,24,6,256.0,4,1,256.0,1,1,256.0,4
2024-07-26 11:13:31,613,0,0,9387,3,256.0,24,6,256.0,4,1,256.0,1,1,256.0,4
2024-07-26 11:13:32,614,0,0,9386,3,256.0,24,6,256.0,4,1,256.0,1,1,256.0,4
2024-07-26 11:13:33,615,0,0,9385,3,256.0,24,6,256.0,4,1,256.0,1,1,256.0,4
2024-07-26 11:13:34,616,0,0,9384,3,256.0,24,6,256.0,4,1,256.0,1,1,256.0,4
2024-07-26 11:13:35,617,0,0,9383,3,256.0,24,6,256.0,4,1,256.0,1,1,256.0,4
2024-07-26 11:13:36,618,0,0,9382,3,256.0,24,6,256.0,4,1,256.0,1,1,256.0,4
2024-07-26 11:13:37,619,0,0,9381,3,256.0,24,6,256.0,4,1,256.0,1,1,256.0,4
2024-07-26 11:13:38,620,0,0,9380,3,256.0,24,6,256.0,4,1,256.0,1,1,256.0,4
2024-07-26 11:13:39,621,0,0,9379,3,256.0,24,6,256.0,4,1,256.0,1,1,256.0,4
2024-07-26 11:13:40,622,0,0,9378,3,256.0,24,6,256.0,4,1,256.0,2,1,256.0,7
2024-07-26 11:13:41,623,0,0,9377,3,256.0,24,6,256.0,4,1,256.0,1,1,256.0,4
2024-07-26 11:13:42,624,0,0,9376,3,256.0,24,6,256.0,4,1,256.0,1,1,256.0,4
2024-07-26 11:13:43,625,0,0,9375,3,256.0,24,6,256.0,4,1,256.0,1,1,256.0,4
2024-07-26 11:13:44,626,0,0,9374,3,256.0,24,6,256.0,4,1,256.0,1,1,256.0,4
2024-07-26 11:13:45,627,0,0,9373,3,256.0,24,6,256.0,4,1,256.0,1,1,256.0,4
2024-07-26 11:13:46,628,0,0,9372,3,256.0,24,6,256.0,4,1,256.0,1,1,256.0,4
2024-07-26 11:13:47,629,0,0,9371,3,256.0,24,6,256.0,4,1,256.0,1,1,256.0,4
2024-07-26 11:13:48,630,0,0,9370,3,256.0,24,6,256.0,4,1,256.0,1,1,256.0,4
2024-07-26 11:13:49,631,0,0,9369,3,256.0,24,6,256.0,4,1,256.0,1,1,256.0,4
2024-07-26 11:13:50,632,0,0,9368,3,256.0,24,6,256.0,4,1,256.0,1,1,256.0,4
2024-07-26 11:13:51,633,0,0,9367,3,256.0,24,6,256.0,4,1,256.0,1,1,256.0,4
2024-07-26 11:13:52,634,0,0,9366,3,256.0,24,6,256.0,4,1,256.0,1,1,256.0,4
2024-07-26 11:13:53,635,0,0,9365,3,256.0,24,6,256.0,4,1,256.0,1,1,256.0,4
2024-07-26 11:13:54,636,0,0,9364,3,256.0,24,6,256.0,4,1,256.0,1,1,256.0,4
2024-07-26 11:13:55,637,0,0,9363,3,256.0,24,6,256.0,4,1,256.0,1,1,256.0,4
2024-07-26 11:13:56,638,0,0,9362,3,256.0,24,6,256.0,4,1,256.0,1,1,256.0,4
2024-07-26 11:13:57,639,0,0,9361,3,256.0,24,6,256.0,4,1,256.0,1,1,256.0,4
2024-07-26 11:13:58,640,0,0,9360,3,256.0,24,6,256.0,4,1,256.0,1,1,256.0,4
2024-07-26 11:13:59,641,0,0,9359,3,256.0,24,6,256.0,4,1,256.0,1,1,256.0,4
2024-07-26 11:14:00,642,0,0,9358,3,256.0,24,6,256.0,4,1,256.0,1,1,256.0,4
2024-07-26 11:14:01,643,0,0,9357,3,256.0,24,6,256.0,4,1,256.0,1,1,256.0,4
2024-07-26 11:14:02,644,0,0,9356,3,256.0,24,6,256.0,4,1,256.0,1,1,256.0,4
2024-07-26 11:14:03,645,0,0,9355,3,256.0,24,6,256.0,4,1,256.0,1,1,256.0,4
2024-07-26 11:14:04,646,0,0,9354,3,256.0,24,6,256.0,4,1,256.0,1,1,256.0,4
2024-07-26 11:14:05,647,0,0,9353,3,256.0,24,6,256.0,4,1,256.0,1,1,256.0,4
2024-07-26 11:14:06,648,0,0,9352,3,256.0,24,6,256.0,4,1,256.0,1,1,256.0,4
2024-07-26 11:14:07,649,0,0,9351,3,256.0,24,6,256.0,4,1,256.0,1,1,256.0,4
2024-07-26 11:14:08,650,0,0,9350,3,256.0,24,6,256.0,4,1,256.0,1,1,256.0,4
2024-07-26 11:14:09,651,0,0,9349,3,256.0,24,6,256.0,4,1,256.0,1,1,256.0,4
2024-07-26 11:14:10,652,0,0,9348,3,256.0,24,6,256.0,4,1,256.0,1,1,256.0,4
2024-07-26 11:14:11,653,0,0,9347,3,256.0,24,6,256.0,4,1,256.0,1,1,256.0,4
2024-07-26 11:14:12,654,0,0,9346,3,256.0,24,6,256.0,4,1,256.0,1,1,256.0,4
2024-07-26 11:14:13,655,0,0,9345,3,256.0,24,6,256.0,4,1,256.0,1,1,256.0,4
2024-07-26 11:14:14,656,0,0,9344,3,256.0,24,6,256.0,4,1,256.0,1,1,256.0,4
2024-07-26 11:14:15,657,0,0,9343,3,256.0,24,6,256.0,4,1,256.0,1,1,256.0,4
2024-07-26 11:14:16,658,0,0,9342,3,256.0,24,6,256.0,4,1,256.0,1,1,256.0,4
2024-07-26 11:14:17,659,0,0,9341,3,256.0,24,6,256.0,4,1,256.0,1,1,256.0,4
2024-07-26 11:14:18,660,0,0,9340,3,256.0,24,6,256.0,4,1,256.0,1,1,256.0,4
2024-07-26 11:14:19,661,0,0,9339,3,256.0,24,6,256.0,4,1,256.0,2,1,256.0,7
2024-07-26 11:14:20,662,0,0,9338,3,256.0,24,6,256.0,4,1,256.0,1,1,256.0,7
2024-07-26 11:14:21,663,0,0,9337,3,256.0,24,6,256.0,4,1,256.0,1,1,256.0,4
2024-07-26 11:14:22,664,0,0,9336,3,256.0,24,6,256.0,4,1,256.0,1,1,256.0,4
2024-07-26 11:14:23,665,0,0,9335,3,256.0,24,6,256.0,4,1,256.0,1,1,256.0,4
2024-07-26 11:14:24,666,0,0,9334,3,256.0,24,6,256.0,4,1,256.0,1,1,256.0,4
2024-07-26 11:14:25,667,0,0,9333,3,256.0,24,6,256.0,4,1,256.0,1,1,256.0,4
2024-07-26 11:14:26,668,0,0,9332,3,256.0,24,6,256.0,4,1,256.0,1,1,256.0,4
2024-07-26 11:14:27,669,0,0,9331,3,256.0,24,6,256.0,4,1,256.0,1,1,256.0,4
2024-07-26 11:14:28,670,0,0,9330,3,256.0,24,6,256.0,4,1,256.0,1,1,256.0,4
2024-07-26 11:14:29,671,0,0,9329,3,256.0,24,6,256.0,4,1,256.0,1,1,256.0,4
2024-07-26 11:14:30,672,0,0,9328,3,256.0,24,6,256.0,4,1,256.0,1,1,256.0,4
2024-07-26 11:14:31,673,0,0,9327,3,256.0,24,6,256.0,4,1,256.0,1,1,256.0,4
2024-07-26 11:14:32,674,0,0,9326,3,256.0,24,6,256.0,4,1,256.0,1,1,256.0,4
2024-07-26 11:14:33,675,0,0,9325,3,256.0,24,6,256.0,4,1,256.0,1,1,256.0,4
2024-07-26 11:14:34,676,0,0,9324,3,256.0,24,6,256.0,4,1,256.0,1,1,256.0,4
2024-07-26 11:14:35,677,0,0,9323,3,256.0,24,6,256.0,4,1,256.0,1,1,256.0,4
2024-07-26 11:14:36,678,0,0,9322,3,256.0,24,6,256.0,4,1,256.0,1,1,256.0,4
2024-07-26 11:14:37,679,0,0,9321,3,256.0,24,6,256.0,4,1,256.0,2,1,256.0,4
2024-07-26 11:14:38,680,0,0,9320,3,256.0,24,6,256.0,4,1,256.0,1,1,256.0,4
2024-07-26 11:14:39,681,0,0,9319,3,256.0,24,6,256.0,4,1,256.0,1,1,256.0,4
2024-07-26 11:14:40,682,0,0,9318,3,256.0,24,6,256.0,4,1,256.0,1,1,256.0,4
2024-07-26 11:14:41,683,0,0,9317,3,256.0,24,6,256.0,4,1,256.0,1,1,256.0,4
2024-07-26 11:14:42,684,0,0,9316,3,256.0,24,6,256.0,4,1,256.0,1,1,256.0,4
2024-07-26 11:14:43,685,0,0,9315,3,256.0,24,6,256.0,4,1,256.0,1,1,256.0,4
2024-07-26 11:14:44,686,0,0,9314,3,256.0,24,6,256.0,4,1,256.0,1,1,256.0,4
2024-07-26 11:14:45,687,0,0,9313,3,256.0,24,6,256.0,4,1,256.0,1,1,256.0,4
2024-07-26 11:14:46,689,0,0,9311,3,256.0,24,6,256.0,4,1,256.0,1,1,256.0,5
2024-07-26 11:14:47,690,0,0,9310,3,256.0,24,6,256.0,4,1,256.0,1,1,256.0,4
2024-07-26 11:14:48,690,0,0,9310,3,256.0,24,6,256.0,4,1,256.0,1,1,256.0,4
2024-07-26 11:14:49,691,0,0,9309,3,256.0,24,6,256.0,4,1,256.0,1,1,256.0,4
2024-07-26 11:14:50,692,0,0,9308,3,256.0,24,6,256.0,4,1,256.0,1,1,256.0,4
2024-07-26 11:14:51,694,0,0,9306,3,256.0,24,6,256.0,4,1,256.0,1,1,256.0,4
2024-07-26 11:14:52,695,0,0,9305,3,256.0,24,6,256.0,4,1,256.0,1,1,256.0,4
2024-07-26 11:14:53,696,0,0,9304,3,256.0,24,6,256.0,4,1,256.0,1,1,256.0,4
2024-07-26 11:14:54,696,0,0,9304,3,256.0,24,6,256.0,4,1,256.0,1,1,256.0,4
2024-07-26 11:14:55,698,0,0,9302,3,256.0,24,6,256.0,4,1,256.0,1,1,256.0,4
2024-07-26 11:14:56,699,0,0,9301,3,256.0,24,6,256.0,4,1,256.0,1,1,256.0,4
2024-07-26 11:14:57,699,0,0,9301,3,256.0,24,6,256.0,4,1,256.0,1,1,256.0,4
2024-07-26 11:14:58,700,0,0,9300,3,256.0,24,6,256.0,4,1,256.0,1,1,256.0,4
2024-07-26 11:14:59,701,0,0,9299,3,256.0,24,6,256.0,4,1,256.0,1,1,256.0,4
2024-07-26 11:15:00,702,0,0,9298,3,256.0,24,6,256.0,4,1,256.0,1,1,256.0,4
2024-07-26 11:15:01,703,0,0,9297,3,256.0,24,6,256.0,4,1,256.0,1,1,256.0,4
2024-07-26 11:15:02,704,0,0,9296,3,256.0,24,6,256.0,4,1,256.0,1,1,256.0,4
2024-07-26 11:15:03,705,0,0,9295,3,256.0,24,6,256.0,4,1,256.0,1,1,256.0,4
2024-07-26 11:15:04,706,0,0,9294,3,256.0,24,6,256.0,4,1,256.0,1,1,256.0,4
2024-07-26 11:15:05,707,0,0,9293,3,256.0,24,6,256.0,4,1,256.0,1,1,256.0,4
2024-07-26 11:15:06,708,0,0,9292,3,256.0,24,6,256.0,4,1,256.0,1,1,256.0,4
2024-07-26 11:15:07,709,0,0,9291,3,256.0,24,6,256.0,4,1,256.0,1,1,256.0,4
2024-07-26 11:15:08,710,0,0,9290,3,256.0,24,6,256.0,4,1,256.0,1,1,256.0,4
2024-07-26 11:15:09,711,0,0,9289,3,256.0,24,6,256.0,4,1,256.0,1,1,256.0,4
2024-07-26 11:15:10,712,0,0,9288,3,256.0,24,6,256.0,4,1,256.0,1,1,256.0,4
2024-07-26 11:15:11,713,0,0,9287,3,256.0,24,6,256.0,4,1,256.0,1,1,256.0,4
2024-07-26 11:15:12,714,0,0,9286,3,256.0,24,6,256.0,4,1,256.0,1,1,256.0,4
2024-07-26 11:15:13,715,0,0,9285,3,256.0,24,6,256.0,4,1,256.0,1,1,256.0,4
2024-07-26 11:15:14,716,0,0,9284,3,256.0,24,6,256.0,4,1,256.0,1,1,256.0,4
2024-07-26 11:15:15,717,0,0,9283,3,256.0,24,6,256.0,4,1,256.0,1,1,256.0,4
2024-07-26 11:15:16,718,0,0,9282,3,256.0,24,6,256.0,4,1,256.0,1,1,256.0,4
2024-07-26 11:15:17,719,0,0,9281,3,256.0,24,6,256.0,4,1,256.0,1,1,256.0,4
2024-07-26 11:15:18,720,0,0,9280,3,256.0,24,6,256.0,4,1,256.0,1,1,256.0,4
2024-07-26 11:15:19,721,0,0,9279,3,256.0,24,6,256.0,4,1,256.0,1,1,256.0,4
2024-07-26 11:15:20,722,0,0,9278,3,256.0,24,6,256.0,4,1,256.0,2,1,256.0,6
2024-07-26 11:15:21,723,0,0,9277,3,256.0,24,6,256.0,4,1,256.0,1,1,256.0,4
2024-07-26 11:15:22,724,0,0,9276,3,256.0,24,6,256.0,4,1,256.0,1,1,256.0,4
2024-07-26 11:15:23,725,0,0,9275,3,256.0,24,6,256.0,4,1,256.0,1,1,256.0,4
2024-07-26 11:15:24,726,0,0,9274,3,256.0,24,6,256.0,4,1,256.0,1,1,256.0,4
2024-07-26 11:15:25,727,0,0,9273,3,256.0,24,6,256.0,4,1,256.0,1,1,256.0,4
2024-07-26 11:15:26,728,0,0,9272,3,256.0,24,6,256.0,4,1,256.0,1,1,256.0,4
2024-07-26 11:15:27,729,0,0,9271,3,256.0,24,6,256.0,4,1,256.0,1,1,256.0,4
2024-07-26 11:15:28,730,0,0,9270,3,256.0,24,6,256.0,4,1,256.0,1,1,256.0,4
2024-07-26 11:15:29,731,0,0,9269,3,256.0,24,6,256.0,4,1,256.0,1,1,256.0,4
2024-07-26 11:15:30,732,0,0,9268,3,256.0,24,6,256.0,4,1,256.0,1,1,256.0,4
2024-07-26 11:15:31,733,0,0,9267,3,256.0,24,6,256.0,4,1,256.0,1,1,256.0,4
2024-07-26 11:15:32,734,0,0,9266,3,256.0,24,6,256.0,4,1,256.0,1,1,256.0,4
2024-07-26 11:15:33,735,0,0,9265,3,256.0,24,6,256.0,4,1,256.0,1,1,256.0,4
2024-07-26 11:15:34,736,0,0,9264,3,256.0,24,6,256.0,4,1,256.0,1,1,256.0,4
2024-07-26 11:15:35,737,0,0,9263,3,256.0,24,6,256.0,4,1,256.0,1,1,256.0,4
2024-07-26 11:15:36,738,0,0,9262,3,256.0,24,6,256.0,4,1,256.0,1,1,256.0,4
2024-07-26 11:15:37,739,0,0,9261,3,256.0,24,6,256.0,4,1,256.0,1,1,256.0,4
2024-07-26 11:15:38,740,0,0,9260,3,256.0,24,6,256.0,4,1,256.0,1,1,256.0,4
2024-07-26 11:15:39,741,0,0,9259,3,256.0,24,6,256.0,4,1,256.0,1,1,256.0,4
2024-07-26 11:15:40,742,0,0,9258,3,256.0,24,6,256.0,4,1,256.0,1,1,256.0,4
2024-07-26 11:15:41,743,0,0,9257,3,256.0,24,6,256.0,4,1,256.0,1,1,256.0,4
2024-07-26 11:15:42,744,0,0,9256,3,256.0,24,6,256.0,4,1,256.0,1,1,256.0,4
2024-07-26 11:15:43,745,0,0,9255,3,256.0,24,6,256.0,4,1,256.0,1,1,256.0,4
2024-07-26 11:15:44,746,0,0,9254,3,256.0,24,6,256.0,4,1,256.0,1,1,256.0,4
2024-07-26 11:15:45,747,0,0,9253,3,256.0,24,6,256.0,4,1,256.0,1,1,256.0,4
2024-07-26 11:15:46,748,0,0,9252,3,256.0,24,6,256.0,4,1,256.0,1,1,256.0,4
2024-07-26 11:15:47,749,0,0,9251,3,256.0,24,6,256.0,4,1,256.0,1,1,256.0,4
2024-07-26 11:15:48,750,0,0,9250,3,256.0,24,6,256.0,4,1,256.0,1,1,256.0,4
2024-07-26 11:15:49,751,0,0,9249,3,256.0,24,6,256.0,4,1,256.0,1,1,256.0,4
2024-07-26 11:15:50,752,0,0,9248,3,256.0,24,6,256.0,4,1,256.0,1,1,256.0,4
2024-07-26 11:15:51,753,0,0,9247,3,256.0,24,6,256.0,4,1,256.0,1,1,256.0,4
2024-07-26 11:15:52,754,0,0,9246,3,256.0,24,6,256.0,4,1,256.0,1,1,256.0,4
2024-07-26 11:15:53,755,0,0,9245,3,256.0,24,6,256.0,4,1,256.0,1,1,256.0,4
2024-07-26 11:15:54,757,0,0,9243,3,256.0,24,6,256.0,4,1,256.0,1,1,256.0,4
2024-07-26 11:15:55,757,0,1,9242,3,256.0,24,6,256.0,4,1,256.0,1,1,256.0,4
2024-07-26 11:15:56,759,0,0,9241,3,256.0,24,6,256.0,4,1,256.0,1,1,256.0,4
2024-07-26 11:15:57,760,0,0,9240,3,256.0,24,6,256.0,4,1,256.0,1,1,256.0,4
2024-07-26 11:15:58,760,0,1,9239,3,256.0,24,6,256.0,4,1,256.0,1,1,256.0,4
2024-07-26 11:15:59,760,0,1,9239,3,256.0,24,6,256.0,4,1,256.0,1,1,256.0,4
2024-07-26 11:16:00,763,0,0,9237,3,256.0,24,6,256.0,4,1,256.0,1,1,256.0,4
2024-07-26 11:16:03,765,0,0,9235,3,256.0,24,6,256.0,4,1,256.0,1,1,256.0,4
2024-07-26 11:16:04,766,0,0,9234,3,256.0,24,6,256.0,4,1,256.0,1,1,256.0,4
2024-07-26 11:16:05,767,0,0,9233,3,256.0,24,6,256.0,4,1,256.0,1,1,256.0,4
2024-07-26 11:16:06,768,0,0,9232,3,256.0,24,6,256.0,4,1,256.0,1,1,256.0,4
2024-07-26 11:16:07,769,0,0,9231,3,256.0,24,6,256.0,4,1,256.0,1,1,256.0,4
2024-07-26 11:16:08,770,0,0,9230,3,256.0,24,6,256.0,4,1,256.0,1,1,256.0,4
2024-07-26 11:16:09,772,0,0,9228,3,256.0,24,6,256.0,4,1,256.0,1,1,256.0,4
2024-07-26 11:16:10,772,0,1,9227,3,256.0,24,6,256.0,4,1,256.0,1,1,256.0,4
2024-07-26 11:16:11,774,0,0,9226,3,256.0,24,6,256.0,4,1,256.0,1,1,256.0,4
2024-07-26 11:16:12,774,0,0,9226,3,256.0,24,6,256.0,4,1,256.0,1,1,256.0,4
2024-07-26 11:16:13,775,0,0,9225,3,256.0,24,6,256.0,4,1,256.0,1,1,256.0,4
2024-07-26 11:16:14,776,0,0,9224,3,256.0,24,6,256.0,4,1,256.0,1,1,256.0,4
2024-07-26 11:16:15,777,0,0,9223,3,256.0,24,6,256.0,4,1,256.0,1,1,256.0,4
2024-07-26 11:16:16,778,0,0,9222,3,256.0,24,6,256.0,4,1,256.0,1,1,256.0,4
2024-07-26 11:16:17,779,0,0,9221,3,256.0,24,6,256.0,4,1,256.0,1,1,256.0,4
2024-07-26 11:16:18,780,0,0,9220,3,256.0,24,6,256.0,4,1,256.0,1,1,256.0,4
2024-07-26 11:16:19,781,0,0,9219,3,256.0,24,6,256.0,4,1,256.0,1,1,256.0,4
2024-07-26 11:16:20,782,0,0,9218,3,256.0,24,6,256.0,4,1,256.0,1,1,256.0,4
2024-07-26 11:16:21,783,0,0,9217,3,256.0,24,6,256.0,4,1,256.0,1,1,256.0,4
2024-07-26 11:16:22,784,0,0,9216,3,256.0,24,6,256.0,4,1,256.0,1,1,256.0,4
2024-07-26 11:16:23,785,0,1,9214,3,256.0,24,6,256.0,4,1,256.0,1,1,256.0,4
2024-07-26 11:16:24,787,0,0,9213,3,256.0,24,6,256.0,4,1,256.0,1,1,256.0,4
2024-07-26 11:16:25,787,0,0,9213,3,256.0,24,6,256.0,4,1,256.0,1,1,256.0,4
2024-07-26 11:16:26,788,0,0,9212,3,256.0,24,6,256.0,4,1,256.0,1,1,256.0,4
2024-07-26 11:16:27,789,0,0,9211,3,256.0,24,6,256.0,4,1,256.0,2,1,256.0,7
2024-07-26 11:16:28,790,0,0,9210,3,256.0,24,6,256.0,4,1,256.0,1,1,256.0,4
2024-07-26 11:16:29,791,0,0,9209,3,256.0,24,6,256.0,4,1,256.0,1,1,256.0,4
2024-07-26 11:16:30,792,0,0,9208,3,256.0,24,6,256.0,4,1,256.0,1,1,256.0,4
2024-07-26 11:16:31,793,0,0,9207,3,256.0,24,6,256.0,4,1,256.0,1,1,256.0,4
2024-07-26 11:16:32,794,0,0,9206,3,256.0,24,6,256.0,4,1,256.0,1,1,256.0,4
2024-07-26 11:16:33,795,0,0,9205,3,256.0,24,6,256.0,4,1,256.0,1,1,256.0,4
2024-07-26 11:16:36,799,0,0,9201,3,256.0,24,6,256.0,4,1,256.0,1,1,256.0,4
2024-07-26 11:16:39,801,0,0,9199,3,256.0,24,6,256.0,4,1,256.0,1,1,256.0,4
2024-07-26 11:16:41,803,0,0,9197,3,256.0,24,6,256.0,4,1,256.0,1,1,256.0,4
2024-07-26 11:16:42,804,0,0,9196,3,256.0,24,6,256.0,4,1,256.0,1,1,256.0,4
2024-07-26 11:16:43,805,0,0,9195,3,256.0,24,6,256.0,4,1,256.0,1,1,256.0,4
2024-07-26 11:16:45,807,0,1,9192,3,256.0,24,6,256.0,4,1,256.0,1,1,256.0,4
2024-07-26 11:16:46,807,0,1,9192,3,256.0,24,6,256.0,4,1,256.0,1,1,256.0,4
2024-07-26 11:16:48,810,0,0,9190,3,256.0,24,6,256.0,4,1,256.0,1,1,256.0,4
2024-07-26 11:16:51,814,0,0,9186,3,256.0,24,6,256.0,4,1,256.0,1,1,256.0,4
2024-07-26 11:16:52,815,0,0,9185,3,256.0,24,6,256.0,4,1,256.0,1,1,256.0,4
2024-07-26 11:16:53,815,0,0,9185,3,256.0,24,6,256.0,4,1,256.0,1,1,256.0,4
2024-07-26 11:16:54,816,0,0,9184,3,256.0,24,6,256.0,4,1,256.0,1,1,256.0,4
2024-07-26 11:16:55,817,0,0,9183,3,256.0,24,6,256.0,4,1,256.0,1,1,256.0,4
2024-07-26 11:16:56,818,0,0,9182,3,256.0,24,6,256.0,4,1,256.0,1,1,256.0,4
2024-07-26 11:16:57,819,0,0,9181,3,256.0,24,6,256.0,4,1,256.0,1,1,256.0,4
2024-07-26 11:16:58,820,0,0,9180,3,256.0,24,6,256.0,4,1,256.0,1,1,256.0,4
2024-07-26 11:16:59,821,0,0,9179,3,256.0,24,6,256.0,4,1,256.0,1,1,256.0,4
2024-07-26 11:17:00,822,0,0,9178,3,256.0,24,6,256.0,4,1,256.0,1,1,256.0,7
2024-07-26 11:17:02,824,0,1,9175,3,256.0,24,6,256.0,4,1,256.0,1,1,256.0,4
2024-07-26 11:17:05,827,0,0,9173,3,256.0,24,6,256.0,4,1,256.0,1,1,256.0,4
2024-07-26 11:17:06,828,0,0,9172,3,256.0,24,6,256.0,4,1,256.0,1,1,256.0,4
2024-07-26 11:17:08,830,0,1,9169,3,256.0,24,6,256.0,4,1,256.0,1,1,256.0,4
2024-07-26 11:17:09,830,0,1,9169,3,256.0,24,6,256.0,4,1,256.0,1,1,256.0,4
2024-07-26 11:17:13,835,0,0,9165,3,256.0,24,6,256.0,4,1,256.0,1,1,256.0,4
2024-07-26 11:17:14,836,0,0,9164,3,256.0,24,6,256.0,4,1,256.0,1,1,256.0,4
2024-07-26 11:17:15,837,0,0,9163,3,256.0,24,6,256.0,4,1,256.0,1,1,256.0,4
2024-07-26 11:17:16,838,0,0,9162,3,256.0,24,6,256.0,4,1,256.0,1,1,256.0,4
2024-07-26 11:17:17,839,0,0,9161,3,256.0,24,6,256.0,4,1,256.0,1,1,256.0,4
2024-07-26 11:17:18,840,0,0,9160,3,256.0,24,6,256.0,4,1,256.0,1,1,256.0,4
2024-07-26 11:17:19,841,0,0,9159,3,256.0,24,6,256.0,4,1,256.0,1,1,256.0,4
2024-07-26 11:17:21,844,0,0,9156,3,256.0,24,6,256.0,4,1,256.0,1,1,256.0,4
2024-07-26 11:17:24,846,0,0,9154,3,256.0,24,6,256.0,4,1,256.0,1,1,256.0,4
2024-07-26 11:17:26,848,0,1,9151,3,256.0,24,6,256.0,4,1,256.0,1,1,256.0,4
2024-07-26 11:17:27,849,0,1,9150,3,256.0,24,6,256.0,4,1,256.0,1,1,256.0,4
2024-07-26 11:17:28,851,0,0,9149,3,256.0,24,6,256.0,4,1,256.0,1,1,256.0,4
2024-07-26 11:17:29,851,0,0,9149,3,256.0,24,6,256.0,4,1,256.0,1,1,256.0,4
2024-07-26 11:17:30,853,0,0,9147,3,256.0,24,6,256.0,4,1,256.0,1,1,256.0,4
2024-07-26 11:17:31,853,0,0,9147,3,256.0,24,6,256.0,4,1,256.0,1,1,256.0,4
2024-07-26 11:17:33,855,0,0,9145,3,256.0,24,6,256.0,4,1,256.0,2,1,256.0,7
2024-07-26 11:17:34,856,0,0,9144,3,256.0,24,6,256.0,4,1,256.0,2,1,256.0,7
2024-07-26 11:17:35,857,0,0,9143,3,256.0,24,6,256.0,4,1,256.0,1,1,256.0,4
2024-07-26 11:17:36,858,0,0,9142,3,256.0,24,6,256.0,4,1,256.0,1,1,256.0,4
2024-07-26 11:17:37,859,0,0,9141,3,256.0,24,6,256.0,4,1,256.0,1,1,256.0,4
2024-07-26 11:17:38,861,0,0,9139,3,256.0,24,6,256.0,4,1,256.0,1,1,256.0,4
2024-07-26 11:17:39,862,0,0,9138,3,256.0,24,6,256.0,4,1,256.0,1,1,256.0,4
2024-07-26 11:17:42,864,0,0,9136,3,256.0,24,6,256.0,4,1,256.0,1,1,256.0,4
2024-07-26 11:17:43,865,0,0,9135,3,256.0,24,6,256.0,4,1,256.0,1,1,256.0,4
2024-07-26 11:17:44,866,0,0,9134,3,256.0,24,6,256.0,4,1,256.0,1,1,256.0,4
2024-07-26 11:17:45,867,0,0,9133,3,256.0,24,6,256.0,4,1,256.0,1,1,256.0,4
2024-07-26 11:17:46,869,0,0,9131,3,256.0,24,6,256.0,4,1,256.0,1,1,256.0,4
2024-07-26 11:17:47,869,0,0,9131,3,256.0,24,6,256.0,4,1,256.0,1,1,256.0,4
2024-07-26 11:17:48,870,0,0,9130,3,256.0,24,6,256.0,4,1,256.0,1,1,256.0,4
2024-07-26 11:17:49,871,0,0,9129,3,256.0,24,6,256.0,4,1,256.0,1,1,256.0,4
2024-07-26 11:17:50,872,0,0,9128,3,256.0,24,6,256.0,4,1,256.0,1,1,256.0,4
2024-07-26 11:17:51,873,0,0,9127,3,256.0,24,6,256.0,4,1,256.0,1,1,256.0,4
2024-07-26 11:17:52,874,0,1,9125,3,256.0,24,6,256.0,4,1,256.0,1,1,256.0,4
2024-07-26 11:17:53,876,0,0,9124,3,256.0,24,6,256.0,4,1,256.0,2,1,256.0,7
2024-07-26 11:17:54,876,0,0,9124,3,256.0,24,6,256.0,4,1,256.0,1,1,256.0,4
2024-07-26 11:17:55,877,0,0,9123,3,256.0,24,6,256.0,4,1,256.0,1,1,256.0,4
2024-07-26 11:17:58,880,0,0,9120,3,256.0,24,6,256.0,4,1,256.0,1,1,256.0,5
2024-07-26 11:17:59,881,0,0,9119,3,256.0,24,6,256.0,4,1,256.0,2,1,256.0,7
2024-07-26 11:18:00,882,0,0,9118,3,256.0,24,6,256.0,4,1,256.0,1,1,256.0,4
2024-07-26 11:18:01,884,0,0,9116,3,256.0,24,6,256.0,4,1,256.0,2,1,256.0,7
2024-07-26 11:18:02,885,0,0,9115,3,256.0,24,6,256.0,4,1,256.0,1,1,256.0,4
2024-07-26 11:18:03,885,0,0,9115,3,256.0,24,6,256.0,4,1,256.0,1,1,256.0,4
2024-07-26 11:18:05,887,0,0,9113,3,256.0,24,6,256.0,4,1,256.0,1,1,256.0,4
2024-07-26 11:18:06,889,0,0,9111,3,256.0,24,6,256.0,4,1,256.0,1,1,256.0,4
2024-07-26 11:18:07,890,0,0,9110,3,256.0,24,6,256.0,4,1,256.0,1,1,256.0,4
2024-07-26 11:18:08,890,0,0,9110,3,256.0,24,6,256.0,4,1,256.0,1,1,256.0,4
2024-07-26 11:18:09,891,0,0,9109,3,256.0,24,6,256.0,4,1,256.0,1,1,256.0,4
2024-07-26 11:18:10,892,0,0,9108,3,256.0,24,6,256.0,4,1,256.0,1,1,256.0,4
2024-07-26 11:18:11,893,0,0,9107,3,256.0,24,6,256.0,4,1,256.0,1,1,256.0,4
2024-07-26 11:18:12,894,0,0,9106,3,256.0,24,6,256.0,4,1,256.0,1,1,256.0,4
2024-07-26 11:18:13,895,0,0,9105,3,256.0,24,6,256.0,4,1,256.0,1,1,256.0,4
2024-07-26 11:18:14,896,0,1,9103,3,256.0,24,6,256.0,4,1,256.0,1,1,256.0,4
2024-07-26 11:18:15,896,0,1,9103,3,256.0,24,6,256.0,4,1,256.0,1,1,256.0,4
2024-07-26 11:18:19,901,0,0,9099,3,256.0,24,6,256.0,4,1,256.0,1,1,256.0,4
2024-07-26 11:18:21,903,0,0,9097,3,256.0,24,6,256.0,4,1,256.0,1,1,256.0,4
2024-07-26 11:18:23,906,0,0,9094,3,256.0,24,6,256.0,4,1,256.0,1,1,256.0,4
2024-07-26 11:18:24,906,0,0,9094,3,256.0,24,6,256.0,4,1,256.0,1,1,256.0,4
2024-07-26 11:18:25,907,0,0,9093,3,256.0,24,6,256.0,4,1,256.0,1,1,256.0,4
2024-07-26 11:18:26,908,0,0,9092,3,256.0,24,6,256.0,4,1,256.0,1,1,256.0,4
2024-07-26 11:18:27,909,0,0,9091,3,256.0,24,6,256.0,4,1,256.0,1,1,256.0,4
2024-07-26 11:18:28,910,0,0,9090,3,256.0,24,6,256.0,4,1,256.0,1,1,256.0,4
2024-07-26 11:18:29,910,0,0,9090,3,256.0,24,6,256.0,4,1,256.0,1,1,256.0,4
2024-07-26 11:18:30,912,0,0,9088,3,256.0,24,6,256.0,4,1,256.0,1,1,256.0,4
2024-07-26 11:18:31,913,0,0,9087,3,256.0,24,6,256.0,4,1,256.0,1,1,256.0,4
2024-07-26 11:18:34,916,0,0,9084,3,256.0,24,6,256.0,4,1,256.0,1,1,256.0,4
2024-07-26 11:18:35,918,0,0,9082,3,256.0,24,6,256.0,4,1,256.0,1,1,256.0,4
2024-07-26 11:18:36,918,0,0,9082,3,256.0,24,6,256.0,4,1,256.0,1,1,256.0,4
2024-07-26 11:18:37,919,0,0,9081,3,256.0,24,6,256.0,4,1,256.0,1,1,256.0,4
2024-07-26 11:18:40,922,0,0,9078,3,256.0,24,6,256.0,4,1,256.0,1,1,256.0,4
2024-07-26 11:18:43,926,0,0,9074,3,256.0,24,6,256.0,4,1,256.0,1,1,256.0,4
2024-07-26 11:18:44,927,0,0,9073,3,256.0,24,6,256.0,4,1,256.0,1,1,256.0,4
2024-07-26 11:18:45,927,0,0,9073,3,256.0,24,6,256.0,4,1,256.0,1,1,256.0,4
2024-07-26 11:18:46,928,0,0,9072,3,256.0,24,6,256.0,4,1,256.0,1,1,256.0,4
2024-07-26 11:18:52,935,0,0,9065,3,256.0,24,6,256.0,4,1,256.0,1,1,256.0,4
2024-07-26 11:18:53,935,0,0,9065,3,256.0,24,6,256.0,4,1,256.0,1,1,256.0,4
2024-07-26 11:18:54,936,0,0,9064,3,256.0,24,6,256.0,4,1,256.0,1,1,256.0,4
2024-07-26 11:18:57,939,0,0,9061,3,256.0,24,6,256.0,4,1,256.0,1,1,256.0,4
2024-07-26 11:18:58,940,0,0,9060,3,256.0,24,6,256.0,4,1,256.0,1,1,256.0,4
2024-07-26 11:18:59,942,0,0,9058,3,256.0,24,6,256.0,4,1,256.0,1,1,256.0,4
2024-07-26 11:19:00,942,0,0,9058,3,256.0,24,6,256.0,4,1,256.0,1,1,256.0,4
2024-07-26 11:19:01,943,0,0,9057,3,256.0,24,6,256.0,4,1,256.0,1,1,256.0,4
2024-07-26 11:19:03,946,0,0,9054,3,256.0,24,6,256.0,4,1,256.0,1,1,256.0,4
2024-07-26 11:19:04,946,0,0,9054,3,256.0,24,6,256.0,4,1,256.0,1,1,256.0,4
2024-07-26 11:19:07,949,0,0,9051,3,256.0,24,6,256.0,4,1,256.0,1,1,256.0,4
2024-07-26 11:19:10,952,0,0,9048,3,256.0,24,6,256.0,4,1,256.0,1,1,256.0,4
2024-07-26 11:19:11,953,0,0,9047,3,256.0,24,6,256.0,4,1,256.0,1,1,256.0,4
2024-07-26 11:19:12,954,0,0,9046,3,256.0,24,6,256.0,4,1,256.0,1,1,256.0,4
2024-07-26 11:19:13,956,0,0,9044,3,256.0,24,6,256.0,4,1,256.0,1,1,256.0,4
2024-07-26 11:19:14,956,0,0,9044,3,256.0,24,6,256.0,4,1,256.0,1,1,256.0,4
2024-07-26 11:19:15,957,0,0,9043,3,256.0,24,6,256.0,4,1,256.0,1,1,256.0,4
2024-07-26 11:19:16,958,0,0,9042,3,256.0,24,6,256.0,4,1,256.0,1,1,256.0,4
2024-07-26 11:19:18,961,0,0,9039,3,256.0,24,6,256.0,4,1,256.0,1,1,256.0,4
2024-07-26 11:19:19,961,0,0,9039,3,256.0,24,6,256.0,4,1,256.0,1,1,256.0,4
2024-07-26 11:19:20,962,0,0,9038,3,256.0,24,6,256.0,4,1,256.0,1,1,256.0,4
2024-07-26 11:19:21,963,0,0,9037,3,256.0,24,6,256.0,4,1,256.0,1,1,256.0,4
2024-07-26 11:19:25,967,0,0,9033,3,256.0,24,6,256.0,4,1,256.0,1,1,256.0,6
2024-07-26 11:19:26,968,0,0,9032,3,256.0,24,6,256.0,4,1,256.0,1,1,256.0,4
2024-07-26 11:19:32,974,0,0,9026,3,256.0,24,6,256.0,4,1,256.0,1,1,256.0,4
2024-07-26 11:19:34,976,0,1,9023,3,256.0,24,6,256.0,4,1,256.0,1,1,256.0,4
2024-07-26 11:19:35,976,0,1,9023,3,256.0,24,6,256.0,4,1,256.0,1,1,256.0,4
2024-07-26 11:19:36,978,0,0,9022,3,256.0,24,6,256.0,4,1,256.0,1,1,256.0,4
2024-07-26 11:19:39,981,0,0,9019,3,256.0,24,6,256.0,4,1,256.0,1,1,256.0,4
2024-07-26 11:19:43,985,0,0,9015,3,256.0,24,6,256.0,4,1,256.0,1,1,256.0,4
2024-07-26 11:19:44,986,0,0,9014,3,256.0,24,6,256.0,4,1,256.0,1,1,256.0,4
2024-07-26 11:19:49,991,0,0,9009,3,256.0,24,6,256.0,4,1,256.0,1,1,256.0,4
2024-07-26 11:19:55,996,0,1,9003,3,256.0,24,6,256.0,4,1,256.0,1,1,256.0,4
2024-07-26 11:19:57,999,0,1,9000,3,256.0,24,6,256.0,4,1,256.0,1,1,256.0,4
2024-07-26 11:19:58,1000,0,1,8999,3,256.0,24,6,256.0,4,1,256.0,1,1,256.0,4
2024-07-26 11:19:59,1000,0,1,8999,3,256.0,24,6,256.0,4,1,256.0,1,1,256.0,4
2024-07-26 11:20:01,1002,0,2,8996,3,256.0,24,6,256.0,4,1,256.0,1,1,256.0,4
2024-07-26 11:20:02,1002,0,2,8996,3,256.0,24,6,256.0,4,1,256.0,1,1,256.0,4
2024-07-26 11:20:05,1006,0,1,8993,3,256.0,24,6,256.0,4,1,256.0,1,1,256.0,4
2024-07-26 11:20:16,1017,0,1,8982,3,256.0,24,6,256.0,4,1,256.0,1,1,256.0,4
2024-07-26 11:20:20,1021,0,1,8978,3,256.0,24,6,256.0,4,1,256.0,1,1,256.0,4
2024-07-26 11:20:21,1023,0,1,8976,3,256.0,24,6,256.0,4,1,256.0,1,1,256.0,4
2024-07-26 11:20:22,1023,0,1,8976,3,256.0,24,6,256.0,4,1,256.0,1,1,256.0,4
2024-07-26 11:20:27,1028,0,1,8971,3,256.0,24,6,256.0,4,1,256.0,1,1,256.0,4
2024-07-26 11:20:28,1030,0,1,8969,3,256.0,24,6,256.0,4,1,256.0,1,1,256.0,4
2024-07-26 11:20:29,1030,0,1,8969,3,256.0,24,6,256.0,4,1,256.0,1,1,256.0,4
2024-07-26 11:20:38,1039,0,1,8960,3,256.0,24,6,256.0,4,1,256.0,1,1,256.0,4
2024-07-26 11:20:42,1043,0,1,8956,3,256.0,24,6,256.0,4,1,256.0,1,1,256.0,4
2024-07-26 11:21:04,1066,0,1,8933,3,256.0,24,6,256.0,4,1,256.0,2,1,256.0,7
2024-07-26 11:21:05,1066,0,1,8933,3,256.0,24,6,256.0,4,1,256.0,1,1,256.0,4
2024-07-26 11:21:06,1067,0,1,8932,3,256.0,24,6,256.0,4,1,256.0,1,1,256.0,4
2024-07-26 11:21:13,1074,0,1,8925,3,256.0,24,6,256.0,4,1,256.0,1,1,256.0,4
2024-07-26 11:21:14,1075,0,1,8924,3,256.0,24,6,256.0,4,1,256.0,1,1,256.0,4
2024-07-26 11:21:15,1075,0,1,8924,3,256.0,24,6,256.0,4,1,256.0,1,1,256.0,4
2024-07-26 11:21:16,1077,0,1,8922,3,256.0,24,6,256.0,4,1,256.0,1,1,256.0,4
2024-07-26 11:21:18,1080,0,1,8919,3,256.0,24,6,256.0,4,1,256.0,1,1,256.0,4
2024-07-26 11:21:19,1080,0,1,8919,3,256.0,24,6,256.0,4,1,256.0,1,1,256.0,4
2024-07-26 11:21:22,1083,0,1,8916,3,256.0,24,6,256.0,4,1,256.0,1,1,256.0,4
2024-07-26 11:21:27,1088,0,1,8911,3,256.0,24,6,256.0,4,1,256.0,1,1,256.0,4
2024-07-26 11:21:30,1091,0,1,8908,3,256.0,24,6,256.0,4,1,256.0,1,1,256.0,4
2024-07-26 11:21:43,1104,0,1,8895,3,256.0,24,6,256.0,4,1,256.0,1,1,256.0,4
2024-07-26 11:21:50,1112,0,1,8887,3,256.0,24,6,256.0,4,1,256.0,1,1,256.0,4
2024-07-26 11:21:51,1112,0,1,8887,3,256.0,24,6,256.0,4,1,256.0,1,1,256.0,4
2024-07-26 11:22:01,1122,0,1,8877,3,256.0,24,6,256.0,4,1,256.0,1,1,256.0,4
2024-07-26 11:22:12,1133,0,2,8865,3,256.0,24,6,256.0,4,1,256.0,1,1,256.0,4
2024-07-26 11:22:13,1133,0,2,8865,3,256.0,24,6,256.0,4,1,256.0,1,1,256.0,4
2024-07-26 11:22:36,1158,0,1,8841,3,256.0,24,6,256.0,4,1,256.0,1,1,256.0,4
2024-07-26 11:22:37,1158,0,1,8841,3,256.0,24,6,256.0,4,1,256.0,1,1,256.0,4
